,Unnamed: 0,ticker,Open,High,Low,Close,Volume,Dividends,CDL2CROWS,CDL3BLACKCROWS,CDL3INSIDE,CDL3LINESTRIKE,CDL3OUTSIDE,CDL3STARSINSOUTH,CDL3WHITESOLDIERS,CDLABANDONEDBABY,CDLADVANCEBLOCK,CDLBELTHOLD,CDLBREAKAWAY,CDLCLOSINGMARUBOZU,CDLCONCEALBABYSWALL,CDLCOUNTERATTACK,CDLDARKCLOUDCOVER,CDLDOJI,CDLDOJISTAR,CDLDRAGONFLYDOJI,CDLENGULFING,CDLEVENINGDOJISTAR,CDLEVENINGSTAR,CDLGAPSIDESIDEWHITE,CDLGRAVESTONEDOJI,CDLHAMMER,CDLHANGINGMAN,CDLHARAMI,CDLHARAMICROSS,CDLHIGHWAVE,CDLHIKKAKE,CDLHIKKAKEMOD,CDLHOMINGPIGEON,CDLIDENTICAL3CROWS,CDLINNECK,CDLINVERTEDHAMMER,CDLKICKING,CDLKICKINGBYLENGTH,CDLLADDERBOTTOM,CDLLONGLEGGEDDOJI,CDLLONGLINE,CDLMARUBOZU,CDLMATCHINGLOW,CDLMATHOLD,CDLMORNINGDOJISTAR,CDLMORNINGSTAR,CDLONNECK,CDLPIERCING,CDLRICKSHAWMAN,CDLRISEFALL3METHODS,CDLSEPARATINGLINES,CDLSHOOTINGSTAR,CDLSHORTLINE,CDLSPINNINGTOP,CDLSTALLEDPATTERN,CDLSTICKSANDWICH,CDLTAKURI,CDLTASUKIGAP,CDLTHRUSTING,CDLTRISTAR,CDLUNIQUE3RIVER,CDLUPSIDEGAP2CROWS,CDLXSIDEGAP3METHODS,ma50,ma200,ADX,ADXR,AROONOSC,DX,PPO,stochK,stochD,TRIX,ULTOSC,MACD,MACDSIG, MACDHIST,TRANGE,BBupperband,BBmiddleband,BBlowerband,ao,apo,bias,bop,cci,cfo,cmo,coppock,cti,inertia,mom,pgo,psl,roc,rsi,rsx,willr,alma,dema,wma,fwma,hma,hwma,jma,kama,mcgd,pwma,sinwma,swma,t3,tema,trima,vidya,vwma,zlma,chop,increasing,decreasingqstick,ttm_trend,vhf,atr,massi,pdist,rvi,ui,ad,adosc,cmf,efi,mfi,obv,pvr,pvt,ebsw,VIX,VVIX,VXN,Market Cap,DPC,Cumulative Return,PriceUp,PriceDown,AD_difference,AD_RATIO
0,0,AAPL,82.28477544479556,85.35394020430678,82.11933837218905,84.68973541259766,138808800,0.0,0,0,0,0,0,0,0,0,0,0,0,0,0,0,0,0,0,0,0,0,0,0,0,0,0,0,0,0,0,0,0,0,0,0,0,0,0,0,0,0,0,0,0,0,0,0,0,0,0,0,0,0,0,0,0,0,0,0,0,0,0,,,,,,,,,,,,,,,3.234601832117733,,,,,,,0.7435103584998416,,,,,,,,,,,,,,,,,,,83.46566186653139,,,83.16347119455205,,,,,,,,,,,1,0,,-1,,,,5.43462724821984,,,-174131858.29953185,,,,,540617200.0,2.0,344463563.0580708,34.400001525878906,141.8300018310547,33.66999816894531,11421850937.761538,-0.0332734131314256,0.9540236453665936,0,1,-148,0.013333333333333334
1,1,MSFT,181.3292732824937,187.4593829917236,180.7693046356146,185.61248779296875,32770200,0.0,0,0,0,0,0,0,0,0,0,0,0,0,0,0,0,0,0,0,0,0,0,0,0,0,0,0,0,0,0,0,0,0,0,0,0,0,0,0,0,0,0,0,0,0,0,0,0,0,0,0,0,0,0,0,0,0,0,0,0,0,0,,,,,,,,,,,,,,,6.690078356108984,,,,,,,0.6402338332201786,,,,,,,,,,,,,,,,,,,183.8508666339416,,,183.3647271123969,,,,,,,,,,,1,0,,-1,,,,12.201308445616403,,,-45413487.64025033,,,,,128998500.0,2.0,55175871.69131686,34.400001525878906,141.8300018310547,33.66999816894531,5942196551.321977,-0.0312795561369616,0.9557293406852296,0,1,-148,0.013333333333333334
2,2,GOOG,1390.800048828125,1424.800048828125,1387.9200439453125,1419.8499755859375,1503900,0.0,0,0,0,0,0,0,0,0,0,0,0,0,0,0,0,0,0,0,0,0,0,0,0,0,0,0,0,0,0,0,0,0,0,0,0,0,0,0,0,0,0,0,0,0,0,0,0,0,0,0,0,0,0,0,0,0,0,0,0,0,0,,,,,,,,,,,,,,,36.8800048828125,,,,,,,0.7876877145249751,,,,,,,,,,,,,,,,,,,1409.1999994819337,,,1406.1963496039134,,,,,,,,,,,1,0,,-1,,,,67.090087890625,,,-623941.9484362775,,,,,5441600.0,2.0,2004797.296783768,34.400001525878906,141.8300018310547,33.66999816894531,2091624193.4326167,-0.026384463079133,0.9641728603929526,0,1,-148,0.013333333333333334
3,3,GOOGL,1389.489990234375,1425.0,1387.199951171875,1420.739990234375,1523400,0.0,0,0,0,0,0,0,0,0,0,0,0,0,0,0,0,0,0,0,0,0,0,0,0,0,0,0,0,0,0,0,0,0,0,0,0,0,0,0,0,0,0,0,0,0,0,0,0,0,0,0,0,0,0,0,0,0,0,0,0,0,0,,,,,,,,,,,,,,,37.800048828125,,,,,,,0.8267185088064898,,,,,,,,,,,,,,,,,,,1408.2131557500002,,,1404.6579721805122,,,,,,,,,,,1,0,,-1,,,,67.7801513671875,,,-659649.6773342667,,,,,5714400.0,2.0,2284649.628946208,34.400001525878906,141.8300018310547,33.66999816894531,2116749051.1230469,-0.0255074099075864,0.9642338896382,0,1,-148,0.013333333333333334
4,4,TSLA,183.55799865722656,199.7680053710937,181.6999969482422,198.17999267578125,78486000,0.0,0,0,0,0,0,0,0,0,0,0,0,0,0,0,0,0,0,0,100,0,0,0,0,0,0,0,0,0,0,0,0,0,0,0,0,0,0,0,0,0,0,0,0,0,0,0,0,0,0,0,0,0,0,0,0,0,0,0,0,0,0,,,,,,,,,,,,,,,18.06800842285156,,,,,,,0.8092753598709574,,,,,,,,,,,,,,,,,,,193.9010006939088,,,194.0984404640957,,,,,,,,,,,1,0,,-1,,,,25.01202392578125,,,-45425883.97702176,,,,,74251500.0,2.0,143141188.70115405,34.400001525878906,141.8300018310547,33.66999816894531,14406733082.611084,-0.0634795986876195,0.9268733835595404,0,1,-148,0.013333333333333334
5,5,FB,225.08999633789065,233.7700042724609,224.8000030517578,232.5,15340264,0.0,0,0,0,0,0,0,0,0,0,0,0,0,0,0,0,0,0,0,100,0,0,0,0,0,0,0,0,0,0,0,0,0,0,0,0,0,0,0,0,0,0,0,0,0,0,0,0,0,0,0,0,0,0,0,0,0,0,0,0,0,0,,,,,,,,,,,,,,,8.970001220703125,,,,,,,0.8260872523636661,,,,,,,,,,,,,,,,,,,227.02294018020635,,,225.4874362181892,,,,,,,,,,,1,0,,-1,,,,14.020004272460938,,,-7593624.000965372,,,,,64139814.0,2.0,67157467.41718224,34.400001525878906,141.8300018310547,33.66999816894531,3452939967.5822754,-0.0209221299969216,0.9789075147776798,0,1,-148,0.013333333333333334
6,6,NVDA,87.98962538373439,91.6528504626282,87.27595007633761,91.56800842285156,40000400,0.0,0,0,0,0,0,0,0,0,0,0,0,0,0,0,0,0,0,0,100,0,0,0,0,0,0,0,0,0,0,0,0,0,0,0,0,0,0,0,0,0,0,0,0,0,0,0,0,0,0,0,0,0,0,0,0,0,0,0,0,0,0,,,,,,,,,,,,,,,4.3769003862906,,,,,,,0.8175609959791273,,,,,,,,,,,,,,,,,,,88.89797904833983,,,88.23735362050152,,,,,,,,,,,1,0,,-1,,,,6.345750235471826,,,-20405866.8393752,,,,,155456400.0,2.0,196465199.4122332,34.400001525878906,141.8300018310547,33.66999816894531,3519620211.199529,-0.0378990656641211,0.963415360078062,0,1,-148,0.013333333333333334
7,7,V,184.64492352820835,190.0559042343386,183.8648794110651,189.344970703125,6752700,0.0,0,0,0,0,0,0,0,0,0,0,0,0,0,0,0,0,0,0,0,0,0,0,0,0,0,0,0,0,0,0,0,0,0,0,0,0,0,0,0,0,0,0,0,0,0,0,0,0,0,0,0,0,0,0,0,0,0,0,0,0,0,,,,,,,,,,,,,,,6.191024823273523,,,,,,,0.7591711080285225,,,,,,,,,,,,,,,,,,,187.7806958319397,,,187.0521384690701,,,,,,,,,,,0,1,,-1,,,,12.875778284242358,,,-3629457.194325975,,,,,16928200.0,4.0,19192246.98926483,34.400001525878906,141.8300018310547,33.66999816894531,1246851775.1089325,-0.0371249251579198,0.9582863636887023,0,1,-148,0.013333333333333334
8,8,JNJ,133.95555960056,135.2856090036872,132.42599553873814,134.1930694580078,8649600,0.0,0,0,0,0,0,0,0,0,0,0,0,0,0,0,0,0,0,0,0,0,0,0,0,0,0,0,0,0,0,0,0,0,0,0,0,0,0,0,0,0,0,0,0,0,0,0,0,0,0,0,0,0,0,0,0,0,0,0,0,0,0,,,,,,,,,,,,,,,2.859613464949064,,,,,,,0.0830566299812954,,,,,,,,,,,,,,,,,,,134.14902784011844,,,133.97352755622734,,,,,,,,,,,0,1,,-1,,,,6.574253175015315,,,-8748336.180108428,,,,,11951100.0,4.0,2417406.9759971583,34.400001525878906,141.8300018310547,33.66999816894531,1158662008.321004,-0.012881495310859,0.9489837243746552,0,1,-148,0.013333333333333334
9,9,UNH,270.0952177071115,278.8192595681637,265.908073707015,278.1197814941406,4494600,0.0,0,0,0,0,0,0,0,0,0,0,0,0,0,0,0,0,0,0,0,0,0,0,0,0,0,0,0,0,0,0,0,0,0,0,0,0,0,0,0,0,0,0,0,0,0,0,0,0,0,0,0,0,0,0,0,0,0,0,0,0,0,,,,,,,,,,,,,,,12.911185861148738,,,,,,,0.6215202750024678,,,,,,,,,,,,,,,,,,,276.4590727543946,,,276.0041555183647,,,,,,,,,,,1,0,,-1,,,,24.7246239195631,,,-1786181.9099254357,,,,,16550300.0,2.0,4492025.7117170645,34.400001525878906,141.8300018310547,33.66999816894531,1213969965.5063832,-0.0434545067074636,0.9164687644970932,0,1,-148,0.013333333333333334
10,10,XOM,40.05059476159926,42.17897250166243,39.5207095013315,41.63142395019531,27929300,0.0,0,0,0,0,0,0,0,0,0,0,0,0,0,0,0,0,0,0,0,0,0,0,0,0,0,0,0,0,0,0,0,0,0,0,0,0,0,0,0,0,0,0,0,0,0,0,0,0,0,0,0,0,0,0,0,0,0,0,0,0,0,,,,,,,,,,,,,,,2.658263000330926,,,,,,,0.5946850211582747,,,,,,,,,,,,,,,,,,,41.14151249515534,,,40.935171011750384,,,,,,,,,,,0,1,,-1,,,,5.343019073171618,,,-22643260.323244303,,,,,42231800.0,4.0,64633921.82192332,34.400001525878906,141.8300018310547,33.66999816894531,1118585076.275134,-0.0559950498413506,0.9541341930766408,0,1,-148,0.013333333333333334
11,11,JPM,91.068896934121,95.80085479399006,90.5494250674479,95.63084411621094,22153600,0.0,0,0,0,0,0,0,0,0,0,0,0,0,0,0,0,0,0,0,100,0,0,0,0,0,0,0,0,0,0,0,0,0,0,0,0,0,0,0,0,0,0,0,0,0,0,0,0,0,0,0,0,0,0,0,0,0,0,0,0,0,0,,,,,,,,,,,,,,,5.251429726542156,,,,,,,0.8687057467478999,,,,,,,,,,,,,,,,,,,93.14838342561342,,,92.34863570452843,,,,,,,,,,,1,0,,-1,,,,9.1994384325765,,,2473174.791873537,,,,,83269600.0,2.0,98628903.77818912,34.400001525878906,141.8300018310547,33.66999816894531,2017503915.119744,-0.0425974589470889,0.963910966348702,0,1,-148,0.013333333333333334
12,12,PG,109.21989907768142,111.82286590352771,108.46665754152724,111.26032257080078,8786000,0.0,0,0,0,0,0,0,0,0,0,0,0,0,0,0,0,0,0,0,100,0,0,0,0,0,0,0,0,0,0,0,0,0,0,0,0,0,0,0,0,0,0,0,0,0,0,0,0,0,0,0,0,0,0,0,0,0,0,0,0,0,0,,,,,,,,,,,,,,,3.356208362000487,,,,,,,0.6079549518502352,,,,,,,,,,,,,,,,,,,110.82191093423462,,,110.83438360203589,,,,,,,,,,,1,0,,-1,,,,5.692206457887693,,,-7729327.955436644,,,,,9725000.0,1.0,3727896.155015271,34.400001525878906,141.8300018310547,33.66999816894531,959606033.2965088,-0.0174971686125269,0.9641445124743352,0,1,-148,0.013333333333333334
13,13,MA,287.0886137305784,295.919076797566,285.8511628093259,294.1866455078125,5932900,0.0,0,0,0,0,0,0,0,0,0,0,0,0,0,0,0,0,0,0,0,0,0,0,0,0,0,0,0,0,0,0,0,0,0,0,0,0,0,0,0,0,0,0,0,0,0,0,0,0,0,0,0,0,0,0,0,0,0,0,0,0,0,,,,,,,,,,,,,,,10.067913988240091,,,,,,,0.7050151387392672,,,,,,,,,,,,,,,,,,,290.8841338853149,,,289.4085946263052,,,,,,,,,,,0,1,,-1,,,,20.74962802530831,,,-123501.97215725576,,,,,5084600.0,3.0,8896819.979476716,34.400001525878906,141.8300018310547,33.66999816894531,1703268036.4021485,-0.029418779220582,0.9507883159857008,0,1,-148,0.013333333333333334
14,14,CVX,80.72128622346742,83.43042416425308,79.92395192007822,82.66027069091797,12289500,0.0,0,0,0,0,0,0,0,0,0,0,0,0,0,0,0,0,0,0,0,0,0,0,0,0,0,0,0,0,0,0,0,0,0,0,0,0,0,0,0,0,0,0,0,0,0,0,0,0,0,0,0,0,0,0,0,0,0,0,0,0,0,,,,,,,,,,,,,,,3.7873594202538072,,,,,,,0.5529729974824978,,,,,,,,,,,,,,,,,,,81.8811679486847,,,81.34928082601148,,,,,,,,,,,0,1,,-1,,,,8.06398513776378,,,-3646894.748481525,,,,,12187700.0,3.0,16781916.361926194,34.400001525878906,141.8300018310547,33.66999816894531,992024247.0433028,-0.0483872704602944,0.9652220213788408,0,1,-148,0.013333333333333334
15,15,WMT,114.78392800965592,115.0553753011374,113.4363808152414,114.47370147705078,10901100,0.0,0,0,0,0,0,0,0,0,0,0,0,0,0,0,0,0,0,0,0,0,0,0,0,0,0,0,0,0,0,0,0,0,0,0,0,0,0,0,0,0,0,0,0,0,0,0,0,0,0,0,0,0,0,0,0,0,0,0,0,0,0,,,,,,,,,,,,,,,1.6189944858960104,,,,,,,-0.1916167938233819,,,,,,,,,,,,,,,,,,,115.54728681063844,,,115.99518969345684,,,,,,,,,,,1,0,,-1,,,,3.567624591909208,,,-10649017.672741922,,,,,11502300.0,1.0,-17959563.434312996,34.400001525878906,141.8300018310547,33.66999816894531,1251271077.62606,-0.0175087894468681,0.9785932898095148,0,1,-148,0.013333333333333334
16,16,HD,227.46296652114503,231.8663461012389,224.29445427753453,231.0431060791016,6250900,0.0,0,0,0,0,0,0,0,0,0,0,0,0,0,0,0,0,0,0,0,0,0,0,0,0,0,0,0,0,0,0,0,0,0,0,0,0,0,0,0,0,0,0,0,0,0,0,0,0,0,0,0,0,0,0,0,0,0,0,0,0,0,,,,,,,,,,,,,,,7.792063056449848,,,,,,,0.472819691737884,,,,,,,,,,,,,,,,,,,230.1901501197205,,,229.6551132523496,,,,,,,,,,,0,1,,-1,,,,16.18719490229165,,,-46527.54893958941,,,,,5551300.0,3.0,3708584.232968392,34.400001525878906,141.8300018310547,33.66999816894531,1421848257.4270256,-0.0224216021587534,0.9548339897548496,0,1,-148,0.013333333333333334
17,17,PFE,29.3393551606922,29.709402297569124,28.863582800762504,29.39221954345703,36247482,0.0,0,0,0,0,0,0,0,0,0,0,0,0,0,0,0,0,0,0,0,0,0,0,0,0,0,0,0,0,0,0,0,0,0,0,0,0,0,0,0,0,0,0,0,0,0,0,0,0,0,0,0,0,0,0,0,0,0,0,0,0,0,,,,,,,,,,,,,,,0.8722475062443316,,,,,,,0.0625007852909791,,,,,,,,,,,,,,,,,,,29.4283702047844,,,29.378452964549503,,,,,,,,,,,0,1,,-1,,,,2.035249757163044,,,-40417738.55703841,,,,,64821632.0,4.0,9334096.713297645,34.400001525878906,141.8300018310547,33.66999816894531,1063477748.0787976,-0.0228871859027788,0.9353933150237884,0,1,-148,0.013333333333333334
18,18,BAC,22.763522496925464,24.114387940445603,22.69645854016792,24.0952262878418,76538900,0.0,0,0,0,0,0,0,0,0,0,0,0,0,0,0,0,0,0,0,100,0,0,0,0,0,0,0,0,0,0,0,0,0,0,0,0,0,0,0,0,0,0,0,0,0,0,0,0,0,0,0,0,0,0,0,0,0,0,0,0,0,0,,,,,,,,,,,,,,,1.4179294002776857,,,,,,,0.9391890672804536,,,,,,,,,,,,,,,,,,,23.343547061203,,,23.088328995816752,,,,,,,,,,,1,0,,-1,,,,2.481378057147168,,,-3812801.939499542,,,,,300144100.0,1.0,376173337.0815185,34.400001525878906,141.8300018310547,33.66999816894531,1742294972.0399284,-0.0507391576695656,0.9511610087628763,0,1,-148,0.013333333333333334
19,19,LLY,137.45097752962238,138.3221397890764,135.2052924973002,136.98635864257812,3709900,0.0,0,0,0,0,0,0,0,0,0,0,0,0,0,0,0,0,0,0,0,0,0,0,0,0,0,0,0,0,0,0,0,0,0,0,0,0,0,0,0,0,0,0,0,0,0,0,0,0,0,0,0,0,0,0,0,0,0,0,0,0,0,,,,,,,,,,,,,,,3.7363578933247936,,,,,,,-0.1490669396188097,,,,,,,,,,,,,,,,,,,138.8147535435486,,,139.15115645442847,,,,,,,,,,,0,1,,-1,,,,7.259748557510761,,,-3621164.239493529,,,,,-3135700.0,4.0,-6709942.405356645,34.400001525878906,141.8300018310547,33.66999816894531,509929381.537146,-0.0243232622142806,0.9351333547336256,0,1,-148,0.013333333333333334
20,20,KO,42.20434945054747,43.98456534889651,42.10965861421753,43.84252548217773,15622300,0.0,0,0,0,0,0,0,0,0,0,0,0,0,0,0,0,0,0,0,100,0,0,0,0,0,0,0,0,0,0,0,0,0,0,0,0,0,0,0,0,0,0,0,0,0,0,0,0,0,0,0,0,0,0,0,0,0,0,0,0,0,0,,,,,,,,,,,,,,,1.87490673467898,,,,,,,0.8737373445462359,,,,,,,,,,,,,,,,,,,43.06628251696016,,,42.87386485638371,,,,,,,,,,,1,0,,-1,,,,3.08697167248296,,,-12175424.39973761,,,,,63515400.0,2.0,46708553.14366209,34.400001525878906,141.8300018310547,33.66999816894531,659329008.4212877,-0.0354902504615716,0.9407009309844536,0,1,-148,0.013333333333333334
21,21,ABBV,83.3065987620661,85.82578796993448,82.85935369870803,84.95867919921875,7120200,0.0,0,0,0,0,0,0,0,0,0,0,0,0,0,0,0,0,0,0,0,0,0,0,0,0,0,0,0,0,0,0,0,0,0,0,0,0,0,0,0,0,0,0,0,0,0,0,0,0,0,0,0,0,0,0,0,0,0,0,0,0,0,,,,,,,,,,,,,,,2.966434271226447,,,,,,,0.5569246732271635,,,,,,,,,,,,,,,,,,,84.41123656507874,,,84.29887462910806,,,,,,,,,,,1,0,,-1,,,,5.366958203097425,,,-10271189.21619964,,,,,27715100.0,2.0,6510980.24274549,34.400001525878906,141.8300018310547,33.66999816894531,593159644.505663,-0.0263494511160196,0.9538091721744552,0,1,-148,0.013333333333333334
22,22,AVGO,276.7636182774694,287.78725392072454,274.3337309628931,285.29168701171875,2982400,0.0,0,0,0,0,0,0,0,0,0,0,0,0,0,0,0,0,0,0,100,0,0,0,0,0,0,0,0,0,0,0,0,0,0,0,0,0,0,0,0,0,0,0,0,0,0,0,0,0,0,0,0,0,0,0,0,0,0,0,0,0,0,,,,,,,,,,,,,,,13.45352295783141,,,,,,,0.6338911198932543,,,,,,,,,,,,,,,,,,,278.9242566085816,,,276.9521515433146,,,,,,,,,,,1,0,,-1,,,,23.30444581800657,,,-1084341.690901243,,,,,11437800.0,2.0,12541192.213830046,34.400001525878906,141.8300018310547,33.66999816894531,825419815.1507248,-0.0258239952089044,0.9589753021093964,0,1,-148,0.013333333333333334
23,23,PEP,121.23665464724156,123.75987167726942,119.57342401840828,123.3062515258789,5481000,0.0,0,0,0,0,0,0,0,0,0,0,0,0,0,0,0,0,0,0,100,0,0,0,0,0,0,0,0,0,0,0,0,0,0,0,0,0,0,0,0,0,0,0,0,0,0,0,0,0,0,0,0,0,0,0,0,0,0,0,0,0,0,,,,,,,,,,,,,,,4.186447658861127,,,,,,,0.4943563248084058,,,,,,,,,,,,,,,,,,,121.57659909812932,,,121.13807494495312,,,,,,,,,,,1,0,,-1,,,,6.974289971042566,,,-1600447.0194994006,,,,,21061500.0,2.0,12675731.757794147,34.400001525878906,141.8300018310547,33.66999816894531,664498104.121531,-0.0066590977450559,0.9558186018190316,0,1,-148,0.013333333333333334
24,24,MRK,67.34067149482087,67.754186145667,66.13606596251203,66.54059600830078,17684162,0.0,0,0,0,0,0,0,0,0,0,0,0,0,0,0,0,0,0,0,0,0,0,0,0,0,0,0,0,0,0,0,0,0,0,0,0,0,0,0,0,0,0,0,0,0,0,0,0,0,0,0,0,0,0,0,0,0,0,0,0,0,0,,,,,,,,,,,,,,,2.454136369030934,,,,,,,-0.494447504486421,,,,,,,,,,,,,,,,,,,68.36821681495667,,,68.66811495047666,,,,,,,,,,,0,1,,-1,,,,3.685695716511958,,,-28674589.864077903,,,,,-20380980.0,3.0,-62591380.19031356,34.400001525878906,141.8300018310547,33.66999816894531,1190863343.9031944,-0.0382588393577078,0.9343578997576708,0,1,-148,0.013333333333333334
25,25,TMO,332.6698117945158,341.5981287528719,332.6698117945158,339.6151733398437,1632100,0.0,0,0,0,0,0,0,0,0,0,0,0,0,0,0,0,0,0,0,0,0,0,0,0,0,0,0,0,0,0,0,0,0,0,0,0,0,0,0,0,0,0,0,0,0,0,0,0,0,0,0,0,0,0,0,0,0,0,0,0,0,0,,,,,,,,,,,,,,,8.928316958356106,,,,,,,0.7779026638192675,,,,,,,,,,,,,,,,,,,336.7324741473389,,,335.77339674359064,,,,,,,,,,,1,0,,-1,,,,16.800390020227837,,,-218245.95954554784,,,,,4802900.0,1.0,2112849.7445606515,34.400001525878906,141.8300018310547,33.66999816894531,542950399.8298292,-0.0253123600357985,0.94916607208143,0,1,-148,0.013333333333333334
26,26,VZ,50.92500994694643,51.66517374258084,50.513807838260654,51.30879974365234,14826800,0.0,0,0,0,0,0,0,0,0,0,0,0,0,0,0,0,0,0,0,0,0,0,0,0,0,0,0,0,0,0,0,0,0,0,0,0,0,0,0,0,0,0,0,0,0,0,0,0,0,0,0,0,0,0,0,0,0,0,0,0,0,0,,,,,,,,,,,,,,,1.151365904320187,,,,,,,0.3333343425107912,,,,,,,,,,,,,,,,,,,51.53660927485658,,,51.56144092261548,,,,,,,,,,,0,1,,-1,,,,2.649964627243889,,,-8519133.205181452,,,,,25714700.0,4.0,-7539283.648190681,34.400001525878906,141.8300018310547,33.66999816894531,755054937.4813854,-0.0158926360206134,0.9695545896288318,0,1,-148,0.013333333333333334
27,27,COST,285.21224259484785,286.1916133066929,282.1301725755378,285.3370666503906,3266800,0.0,0,0,0,0,0,0,0,0,0,0,0,0,0,0,0,0,0,0,0,0,0,0,0,0,0,0,0,0,0,0,0,0,0,0,0,0,0,0,0,0,0,0,0,0,0,0,0,0,0,0,0,0,0,0,0,0,0,0,0,0,0,,,,,,,,,,,,,,,4.666336213524687,,,,,,,0.0307339350258779,,,,,,,,,,,,,,,,,,,287.6682029493409,,,288.2863157278288,,,,,,,,,,,0,1,,-1,,,,9.582323600982022,,,-3204808.963804547,,,,,-3843800.0,4.0,-4508708.166495098,34.400001525878906,141.8300018310547,33.66999816894531,931731354.1088488,-0.0185681508345327,0.9676210553308092,0,1,-148,0.013333333333333334
28,28,ABT,84.93000081653088,87.67625386773342,84.47391583453076,86.89993286132812,5666000,0.0,0,0,0,0,0,0,0,0,0,0,0,0,0,0,0,0,0,0,100,0,0,0,0,0,0,0,0,0,0,0,0,0,0,0,0,0,0,0,0,0,0,0,0,0,0,0,0,0,0,0,0,0,0,0,0,0,0,0,0,0,0,,,,,,,,,,,,,,,3.2023380332026647,,,,,,,0.6151543104982936,,,,,,,,,,,,,,,,,,,85.79660884724427,,,85.44493826245498,,,,,,,,,,,1,0,,-1,,,,5.890348063475642,,,-2222302.9819554286,,,,,19424700.0,1.0,11270557.51118607,34.400001525878906,141.8300018310547,33.66999816894531,481213384.626464,-0.0193837210268313,0.9495497751671172,0,1,-148,0.013333333333333334
29,29,ADBE,398.7999877929688,406.1099853515625,397.0,401.3399963378906,3781500,0.0,0,0,0,0,0,0,0,0,0,0,0,0,0,0,0,0,0,0,0,0,0,0,0,0,0,0,0,0,0,0,0,0,0,0,0,0,0,0,0,0,0,0,0,0,0,0,0,0,0,0,0,0,0,0,0,0,0,0,0,0,0,,,,,,,,,,,,,,,9.540008544921877,,,,,,,0.2788158758659502,,,,,,,,,,,,,,,,,,,394.3717476784669,,,390.30160761998974,,,,,,,,,,,0,1,,-1,,,,23.41998291015625,,,-1115369.6751253754,,,,,8674800.0,4.0,35722389.94188861,34.400001525878906,141.8300018310547,33.66999816894531,1508062153.839111,-0.0256535556148393,0.996999969482422,0,1,-148,0.013333333333333334
30,30,ACN,191.5596410766445,195.70299927205187,189.9412905406899,194.77682495117188,2310800,0.0,0,0,0,0,0,0,0,0,0,0,0,0,0,0,0,0,0,0,0,0,0,0,0,0,0,0,0,0,0,0,0,0,0,0,0,0,0,0,0,0,0,0,0,0,0,0,0,0,0,0,0,0,0,0,0,0,0,0,0,0,0,,,,,,,,,,,,,,,6.5903867054038585,,,,,,,0.5583732230363669,,,,,,,,,,,,,,,,,,,192.9330250991821,,,191.8281129397042,,,,,,,,,,,0,1,,-1,,,,13.27826975764583,,,-682227.2812364672,,,,,4325900.0,4.0,5391742.582663138,34.400001525878906,141.8300018310547,33.66999816894531,442656018.5999101,-0.0229239966569209,0.9560627268039886,0,1,-148,0.013333333333333334
31,31,DIS,112.08000183105467,118.12000274658205,111.70999908447266,117.08000183105467,14156400,0.0,0,0,0,0,0,0,0,0,0,0,0,0,0,0,0,0,0,0,0,0,0,0,0,0,0,0,0,0,0,0,0,0,0,0,0,0,0,0,0,0,0,0,0,0,0,0,0,0,0,0,0,0,0,0,0,0,0,0,0,0,0,,,,,,,,,,,,,,,6.410003662109375,,,,,,,0.7800307556071852,,,,,,,,,,,,,,,,,,,114.17714353157044,,,113.25947423671737,,,,,,,,,,,1,0,,-1,,,,11.230003356933594,,,-8108729.571762642,,,,,58597100.0,2.0,65948740.65012645,34.400001525878906,141.8300018310547,33.66999816894531,1586649337.9211426,-0.0268298722498705,0.9530612524261118,0,1,-148,0.013333333333333334
32,32,ORCL,49.39640128782222,51.79061584181027,49.34793616964525,51.61613845825195,16038100,0.0,0,0,0,0,0,0,0,0,0,0,0,0,0,0,0,0,0,0,100,0,0,0,0,0,0,0,0,0,0,0,0,0,0,0,0,0,0,0,0,0,0,0,0,0,0,0,0,0,0,0,0,0,0,0,0,0,0,0,0,0,0,,,,,,,,,,,,,,,2.442679672165028,,,,,,,0.908730356961748,,,,,,,,,,,,,,,,,,,50.25523914610292,,,49.94510428098606,,,,,,,,,,,1,0,,-1,,,,3.5380082701113054,,,335643.9826091882,,,,,40381000.0,1.0,55353600.64785902,34.400001525878906,141.8300018310547,33.66999816894531,792224423.4942216,-0.0284080233349011,0.9569952173158822,0,1,-148,0.013333333333333334
33,33,DHR,165.37739677994537,171.51609019768208,165.02972967473357,170.40357971191406,2794100,0.0,0,0,0,0,0,0,0,0,0,0,0,0,0,0,0,0,0,0,0,0,0,0,0,0,0,0,0,0,0,0,0,0,0,0,0,0,0,0,0,0,0,0,0,0,0,0,0,0,0,0,0,0,0,0,0,0,0,0,0,0,0,,,,,,,,,,,,,,,6.486360522948502,,,,,,,0.7748849164622045,,,,,,,,,,,,,,,,,,,165.93209946005248,,,164.65696006261294,,,,,,,,,,,1,0,,-1,,,,9.82390207617044,,,-956632.3858532732,,,,,9383200.0,2.0,12208272.978556078,34.400001525878906,141.8300018310547,33.66999816894531,462080984.3428454,-0.0075111145697508,0.9681339511047548,0,1,-148,0.013333333333333334
34,34,CMCSA,37.77350157781142,38.54262277249717,37.05244977014495,38.29265975952149,16585500,0.0,0,0,0,0,0,0,0,0,0,0,0,0,0,0,0,0,0,0,100,0,0,0,0,0,0,0,0,0,0,0,0,0,0,0,0,0,0,0,0,0,0,0,0,0,0,0,0,0,0,0,0,0,0,0,0,0,0,0,0,0,0,,,,,,,,,,,,,,,1.490173002352222,,,,,,,0.3483878589201225,,,,,,,,,,,,,,,,,,,37.89765523489381,,,37.80563181267597,,,,,,,,,,,1,0,,-1,,,,2.6246178552903814,,,-4980456.562106818,,,,,57898700.0,2.0,25453668.256102458,34.400001525878906,141.8300018310547,33.66999816894531,626492410.4187914,-0.0075774787278856,0.9604009575869272,0,1,-148,0.013333333333333334
35,35,NKE,92.36633107272183,96.47805935598004,91.91384516176218,96.24197387695312,8645300,0.0,0,0,0,0,0,0,0,0,0,0,0,0,0,0,0,0,0,0,100,0,0,0,0,0,0,0,0,0,0,0,0,0,0,0,0,0,0,0,0,0,0,0,0,0,0,0,0,0,0,0,0,0,0,0,0,0,0,0,0,0,0,,,,,,,,,,,,,,,4.564214194217854,,,,,,,0.8491369246301201,,,,,,,,,,,,,,,,,,,94.43777361732482,,,93.9589020648329,,,,,,,,,,,1,0,,-1,,,,7.741473127205239,,,-901336.5377251012,,,,,27038600.0,1.0,22460042.573004924,34.400001525878906,141.8300018310547,33.66999816894531,798534642.023002,-0.0398774291507285,0.9544623262451092,0,1,-148,0.013333333333333334
36,36,CSCO,41.60763850506533,43.154250096293325,41.4284591222922,42.76759719848633,21300100,0.0,0,0,0,0,0,0,0,0,0,0,0,0,0,0,0,0,0,0,0,0,0,0,0,0,0,0,0,0,0,0,0,0,0,0,0,0,0,0,0,0,0,0,0,0,0,0,0,0,0,0,0,0,0,0,0,0,0,0,0,0,0,,,,,,,,,,,,,,,1.7257909740011286,,,,,,,0.67213162595915,,,,,,,,,,,,,,,,,,,41.7909225447159,,,41.42728603177212,,,,,,,,,,,1,0,,-1,,,,3.1875209738811634,,,-20652958.916956376,,,,,83007700.0,2.0,96988128.01137672,34.400001525878906,141.8300018310547,33.66999816894531,886246860.921742,-0.0186831302753125,0.9389232200839552,0,1,-148,0.013333333333333334
37,37,MCD,176.39393581538,181.668543375432,175.95437789513252,181.06655883789065,4499000,0.0,0,0,0,0,0,0,0,0,0,0,0,0,0,0,0,0,0,0,0,0,0,0,0,0,0,0,0,0,0,0,0,0,0,0,0,0,0,0,0,0,0,0,0,0,0,0,0,0,0,0,0,0,0,0,0,0,0,0,0,0,0,,,,,,,,,,,,,,,5.714165480299414,,,,,,,0.8177262346742181,,,,,,,,,,,,,,,,,,,179.9020921717835,,,179.49499128251102,,,,,,,,,,,1,0,,-1,,,,11.12256008657539,,,639727.6607853896,,,,,14403600.0,1.0,4398372.886992201,34.400001525878906,141.8300018310547,33.66999816894531,793596317.2333946,-0.0368863330353772,0.966998519605642,0,1,-148,0.013333333333333334
38,38,CRM,172.0,178.89999389648438,171.27000427246094,178.61000061035156,6000000,0.0,0,0,0,0,0,0,0,0,0,0,0,0,0,0,0,0,0,0,100,0,0,0,0,0,0,0,0,0,0,0,0,0,0,0,0,0,0,0,0,0,0,0,0,0,0,0,0,0,0,0,0,0,0,0,0,0,0,0,0,0,0,,,,,,,,,,,,,,,7.629989624023437,,,,,,,0.8663184271626813,,,,,,,,,,,,,,,,,,,174.09662727600102,,,172.87901238066334,,,,,,,,,,,1,0,,-1,,,,11.759979248046877,,,-250244.864966006,,,,,17965000.0,1.0,21674539.383039907,34.400001525878906,141.8300018310547,33.66999816894531,1032000000.0,-0.0221716545298999,0.9737318874225476,0,1,-148,0.013333333333333334
39,39,INTC,56.15061859869277,57.12542168024511,55.44080968837218,56.87935256958008,29651700,0.0,0,0,0,0,0,0,0,0,0,0,0,0,0,0,0,0,0,0,0,0,0,0,0,0,0,0,0,0,0,0,0,0,0,0,0,0,0,0,0,0,0,0,0,0,0,0,0,0,0,0,0,0,0,0,0,0,0,0,0,0,0,,,,,,,,,,,,,,,1.6846119918729272,,,,,,,0.4325826804053015,,,,,,,,,,,,,,,,,,,56.51615293529512,,,56.505145661969465,,,,,,,,,,,1,0,,-1,,,,2.6404947356989794,,,-7936251.264191996,,,,,26230100.0,2.0,19629298.03389065,34.400001525878906,141.8300018310547,33.66999816894531,1664961297.5028584,-0.0129762728603459,0.9407007843784267,0,1,-148,0.013333333333333334
40,40,TMUS,101.31999969482422,105.19000244140624,100.7300033569336,104.68000030517578,3842000,0.0,0,0,0,0,0,0,0,0,0,0,0,0,0,0,0,0,0,0,100,0,0,0,0,0,0,0,0,0,0,0,0,0,0,0,0,0,0,0,0,0,0,0,0,0,0,0,0,0,0,0,0,0,0,0,0,0,0,0,0,0,0,,,,,,,,,,,,,,,4.459999084472656,,,,,,,0.7533635201965169,,,,,,,,,,,,,,,,,,,102.00456591482546,,,101.34139666211422,,,,,,,,,,,1,0,,-1,,,,6.549995422363281,,,-4983129.509004496,,,,,16820600.0,2.0,16344501.610254567,34.400001525878906,141.8300018310547,33.66999816894531,389271438.82751465,-0.0281055185148756,0.9694765823729672,0,1,-148,0.013333333333333334
41,41,AMD,52.58000183105469,54.72999954223633,52.40999984741211,54.68000030517578,56740700,0.0,0,0,0,0,0,0,0,0,0,0,0,0,0,0,0,0,0,0,0,0,0,0,0,0,0,0,0,0,0,0,0,0,0,0,0,0,0,0,0,0,0,0,0,0,0,0,0,0,0,0,0,0,0,0,0,0,0,0,0,0,0,,,,,,,,,,,,,,,2.3199996948242188,,,,,,,0.90517187515415,,,,,,,,,,,,,,,,,,,53.369537316680926,,,53.050114342384624,,,,,,,,,,,1,0,,-1,,,,3.459999084472656,,,-37685615.925827965,,,,,206645200.0,2.0,215430850.697264,34.400001525878906,141.8300018310547,33.66999816894531,2983426109.8953247,-0.0441737241342055,0.9399357011415792,0,1,-148,0.013333333333333334
42,42,WFC,26.010057188111496,27.4916415084006,25.71954911866736,27.31733703613281,48311400,0.0,0,0,0,0,0,0,0,0,0,0,0,0,0,0,0,0,0,0,100,0,0,0,0,0,0,0,0,0,0,0,0,0,0,0,0,0,0,0,0,0,0,0,0,0,0,0,0,0,0,0,0,0,0,0,0,0,0,0,0,0,0,,,,,,,,,,,,,,,1.772092389733242,,,,,,,0.7377041149745613,,,,,,,,,,,,,,,,,,,26.46904380709839,,,26.14401399076715,,,,,,,,,,,1,0,,-1,,,,3.3117838853014447,,,-7958871.9668715,,,,,175233900.0,2.0,267416321.78647125,34.400001525878906,141.8300018310547,33.66999816894531,1256582276.8377297,-0.0407144216378435,0.987499935068792,0,1,-148,0.013333333333333334
43,43,LIN,192.5308066966344,198.53009558012363,191.49208652620533,197.2972412109375,2142100,0.0,0,0,0,0,0,0,0,0,0,0,0,0,0,0,0,0,0,0,0,0,0,0,0,0,0,0,0,0,0,0,0,0,0,0,0,0,0,0,0,0,0,0,0,0,0,0,0,0,0,0,0,0,0,0,0,0,0,0,0,0,0,,,,,,,,,,,,,,,7.038009053918302,,,,,,,0.677241884428879,,,,,,,,,,,,,,,,,,,194.70991556442263,,,193.89491375374607,,,,,,,,,,,1,0,,-1,,,,12.814055217211603,,,-1134399.6271813137,,,,,6779000.0,1.0,3812143.44142624,34.400001525878906,141.8300018310547,33.66999816894531,412420241.0248605,-0.0305978926035486,0.9472703573789468,0,1,-148,0.013333333333333334
44,44,PM,62.407737996597874,64.82525859413667,62.21970975531937,64.64617919921875,6254900,0.0,0,0,0,0,0,0,0,0,0,0,0,0,0,0,0,0,0,0,0,0,0,0,0,0,0,0,0,0,0,0,0,0,0,0,0,0,0,0,0,0,0,0,0,0,0,0,0,0,0,0,0,0,0,0,0,0,0,0,0,0,0,,,,,,,,,,,,,,,2.605548838817299,,,,,,,0.8591054480625054,,,,,,,,,,,,,,,,,,,63.83860894348908,,,63.805330067841005,,,,,,,,,,,1,0,,-1,,,,3.617336233542801,,,-4791117.192540344,,,,,5523100.0,2.0,7990138.653406315,34.400001525878906,141.8300018310547,33.66999816894531,390354160.39492005,-0.0403415780853677,0.9399862859762104,0,1,-148,0.013333333333333334
45,45,UPS,95.09405234750714,101.05170828973093,94.77998897708926,100.53778839111328,6440200,0.0,0,0,0,0,0,0,0,0,0,0,0,0,0,0,0,0,0,0,100,0,0,0,0,0,0,0,0,0,0,0,0,0,0,0,0,0,0,0,0,0,0,0,0,0,0,0,0,0,0,0,0,0,0,0,0,0,0,0,0,0,0,,,,,,,,,,,,,,,6.271719312641665,,,,,,,0.8679814532887986,,,,,,,,,,,,,,,,,,,96.89235739486698,,,96.10635680000672,,,,,,,,,,,1,0,,-1,,,,8.584355068154423,,,177008.45531680528,,,,,15080700.0,1.0,29752549.70110665,34.400001525878906,141.8300018310547,33.66999816894531,612424715.9284155,-0.029054491413659,0.9656906494244812,0,1,-148,0.013333333333333334
46,46,BMY,52.27622205920972,52.40775763184988,50.80113842190127,51.76886749267578,21617800,0.0,0,0,0,0,0,0,0,0,0,0,0,0,0,0,0,0,0,0,0,0,0,0,0,0,0,0,0,0,0,0,0,0,0,0,0,0,0,0,0,0,0,0,0,0,0,0,0,0,0,0,0,0,0,0,0,0,0,0,0,0,0,,,,,,,,,,,,,,,1.9730353146709945,,,,,,,-0.3157901781531473,,,,,,,,,,,,,,,,,,,52.848268825531,,,53.06564027363488,,,,,,,,,,,0,1,,-1,,,,3.2038355307258257,,,-16665420.914105453,,,,,-19110100.0,3.0,-55334113.19421366,34.400001525878906,141.8300018310547,33.66999816894531,1130096913.2315838,-0.0338599586579537,0.928881527195235,0,1,-148,0.013333333333333334
47,47,QCOM,80.60455169080633,83.39830486412578,80.0554352706956,83.22489929199219,9852600,0.0,0,0,0,0,0,0,0,0,0,0,0,0,0,0,0,0,0,0,100,0,0,0,0,0,0,0,0,0,0,0,0,0,0,0,0,0,0,0,0,0,0,0,0,0,0,0,0,0,0,0,0,0,0,0,0,0,0,0,0,0,0,,,,,,,,,,,,,,,3.34286959343018,,,,,,,0.7838617475045051,,,,,,,,,,,,,,,,,,,81.67555936883545,,,81.24809430153509,,,,,,,,,,,1,0,,-1,,,,5.577867177583016,,,-6292492.592307508,,,,,35207500.0,2.0,27977120.56108837,34.400001525878906,141.8300018310547,33.66999816894531,794164405.9888384,-0.0299130235435181,0.944143400709827,0,1,-148,0.013333333333333334
48,48,NEE,58.75747226595614,60.24849628881279,57.94353064236471,59.681861877441406,8404400,0.0,0,0,0,0,0,0,0,0,0,0,0,0,0,0,0,0,0,0,0,0,0,0,0,0,0,0,0,0,0,0,0,0,0,0,0,0,0,0,0,0,0,0,0,0,0,0,0,0,0,0,0,0,0,0,0,0,0,0,0,0,0,,,,,,,,,,,,,,,2.304965646448082,,,,,,,0.4010426849136507,,,,,,,,,,,,,,,,,,,59.57046699789429,,,59.5985420698698,,,,,,,,,,,1,0,,-1,,,,4.211360278491867,,,-2879695.655020545,,,,,9766000.0,1.0,871839.43522128,34.400001525878906,141.8300018310547,33.66999816894531,493821299.9120018,-0.0280017137144142,0.9602135032024104,0,1,-148,0.013333333333333334
49,49,TXN,115.56615072252684,118.37996746344496,114.83418108913182,118.09478759765624,5152800,0.0,0,0,0,0,0,0,0,0,0,0,0,0,0,0,0,0,0,0,0,0,0,0,0,0,0,0,0,0,0,0,0,0,0,0,0,0,0,0,0,0,0,0,0,0,0,0,0,0,0,0,0,0,0,0,0,0,0,0,0,0,0,,,,,,,,,,,,,,,3.5457863743131384,,,,,,,0.7131385278728896,,,,,,,,,,,,,,,,,,,118.2575262819214,,,118.3637077616476,,,,,,,,,,,1,0,,-1,,,,6.844418512786433,,,-3452713.1003936026,,,,,5215700.0,2.0,-1975708.8770476333,34.400001525878906,141.8300018310547,33.66999816894531,595489261.4430362,-0.0447867115882387,0.9420378380102328,0,1,-148,0.013333333333333334
50,50,COP,38.36535076827952,41.01832381053968,38.15983764277568,40.49520111083984,7992100,0.0,0,0,0,0,0,0,0,0,0,0,0,0,0,0,0,0,0,0,0,0,0,0,0,0,0,0,0,0,0,0,0,0,0,0,0,0,0,0,0,0,0,0,0,0,0,0,0,0,0,0,0,0,0,0,0,0,0,0,0,0,0,,,,,,,,,,,,,,,2.858486167763999,,,,,,,0.7450973059024324,,,,,,,,,,,,,,,,,,,39.89348556131745,,,39.567710939418895,,,,,,,,,,,0,1,,-1,,,,6.071948989580733,,,-1327179.202385419,,,,,9371500.0,4.0,27183222.347925924,34.400001525878906,141.8300018310547,33.66999816894531,306619719.8751668,-0.0935776199799419,0.9759981403354676,0,1,-148,0.013333333333333334
51,51,T,18.853421041658457,19.26833617866501,18.557954370551943,19.17403793334961,53309006,0.0,0,0,0,0,0,0,0,0,0,0,0,0,0,0,0,0,0,0,0,0,0,0,0,0,0,0,0,0,0,0,0,0,0,0,0,0,0,0,0,0,0,0,0,0,0,0,0,0,0,0,0,0,0,0,0,0,0,0,0,0,0,,,,,,,,,,,,,,,0.7103818081130662,,,,,,,0.4513303804087872,,,,,,,,,,,,,,,,,,,19.052894488178257,,,19.004479609442924,,,,,,,,,,,0,0,,-1,,,,1.420763616226132,,,-25403683.188053355,,,,,114055848.0,1.0,52539973.39428788,34.400001525878906,141.8300018310547,33.66999816894531,1005057135.4302968,-0.0332044210364353,0.9612178085853909,0,1,-148,0.013333333333333334
52,52,MS,42.33773934629848,45.36186229377048,42.28085796449162,44.93526458740234,14758800,0.0,0,0,0,0,0,0,0,0,0,0,0,0,0,0,0,0,0,0,100,0,0,0,0,0,0,0,0,0,0,0,0,0,0,0,0,0,0,0,0,0,0,0,0,0,0,0,0,0,0,0,0,0,0,0,0,0,0,0,0,0,0,,,,,,,,,,,,,,,3.081004329278862,,,,,,,0.8430774395282469,,,,,,,,,,,,,,,,,,,43.1615298032074,,,42.59333031486273,,,,,,,,,,,1,0,,-1,,,,5.100252524524521,,,-1824506.886389654,,,,,46813800.0,1.0,89787453.19168082,34.400001525878906,141.8300018310547,33.66999816894531,624854227.46415,-0.0449103219395089,0.9681334354451028,0,1,-148,0.013333333333333334
53,53,RTX,59.91983537804131,64.44711386061361,59.38721331297664,63.77182769775391,13553100,0.0,0,0,0,0,0,0,0,0,0,0,0,0,0,0,0,0,0,0,100,0,0,0,0,0,0,0,0,0,0,0,0,0,0,0,0,0,0,0,0,0,0,0,0,0,0,0,0,0,0,0,0,0,0,0,0,0,0,0,0,0,0,,,,,,,,,,,,,,,5.059900547636978,,,,,,,0.7612782669239438,,,,,,,,,,,,,,,,,,,61.12749734356691,,,60.278589337647645,,,,,,,,,,,1,0,,-1,,,,8.52195029571341,,,1146689.3644806815,,,,,36851600.0,1.0,73280749.57040045,34.400001525878906,141.8300018310547,33.66999816894531,812099520.8621317,-0.0450206622635616,0.9845287337355874,0,1,-148,0.013333333333333334
54,54,UNP,155.4607215795095,162.5935329866072,155.16272229813987,161.43035888671875,2948600,0.0,0,0,0,0,0,0,0,0,0,0,0,0,0,0,0,0,0,0,0,0,0,0,0,0,0,0,0,0,0,0,0,0,0,0,0,0,0,0,0,0,0,0,0,0,0,0,0,0,0,0,0,0,0,0,0,0,0,0,0,0,0,,,,,,,,,,,,,,,7.430810688467318,,,,,,,0.8033628573628135,,,,,,,,,,,,,,,,,,,158.49757949328617,,,157.60700894014786,,,,,,,,,,,1,0,,-1,,,,13.179339882794013,,,-3324344.3344082963,,,,,12556300.0,2.0,9074837.770025916,34.400001525878906,141.8300018310547,33.66999816894531,458391483.64934176,-0.038582669405323,0.951294172216099,0,1,-148,0.013333333333333334
55,55,HON,134.91321855667422,142.59669703084018,134.50882727252574,141.1813201904297,3314000,0.0,0,0,0,0,0,0,0,0,0,0,0,0,0,0,0,0,0,0,0,0,0,0,0,0,0,0,0,0,0,0,0,0,0,0,0,0,0,0,0,0,0,0,0,0,0,0,0,0,0,0,0,0,0,0,0,0,0,0,0,0,0,,,,,,,,,,,,,,,8.08786975831444,,,,,,,0.7750003178910949,,,,,,,,,,,,,,,,,,,138.98961419470214,,,138.482788993122,,,,,,,,,,,1,0,,-1,,,,14.134510268582003,,,-2039550.807068012,,,,,11111300.0,2.0,7556365.14962125,34.400001525878906,141.8300018310547,33.66999816894531,447102406.2968184,-0.0545848056122967,0.9425532703156264,0,1,-148,0.013333333333333334
56,56,AMGN,203.15000516111024,208.03554816044044,201.3144002559576,206.8871154785156,2471800,0.0,0,0,0,0,0,0,0,0,0,0,0,0,0,0,0,0,0,0,0,0,0,0,0,0,0,0,0,0,0,0,0,0,0,0,0,0,0,0,0,0,0,0,0,0,0,0,0,0,0,0,0,0,0,0,0,0,0,0,0,0,0,,,,,,,,,,,,,,,6.721147904482905,,,,,,,0.5560226274611194,,,,,,,,,,,,,,,,,,,206.0581760375061,,,206.0536185858348,,,,,,,,,,,1,0,,-1,,,,11.67258145349706,,,-2335414.598568042,,,,,3945900.0,1.0,1024124.2348650934,34.400001525878906,141.8300018310547,33.66999816894531,502146182.7572323,-0.0239258843728431,0.9462862182336628,0,1,-148,0.013333333333333334
57,57,IBM,103.05068876343064,105.80009103469688,102.27255656588297,105.1775894165039,5385959,0.0,0,0,0,0,0,0,0,0,0,0,0,0,0,0,0,0,0,0,0,0,0,0,0,0,0,0,0,0,0,0,0,0,0,0,0,0,0,0,0,0,0,0,0,0,0,0,0,0,0,0,0,0,0,0,0,0,0,0,0,0,0,,,,,,,,,,,,,,,3.5275344688139114,,,,,,,0.6029425571533596,,,,,,,,,,,,,,,,,,,103.38367894787598,,,102.5819537785814,,,,,,,,,,,0,1,,-1,,,,7.279853788702042,,,-5907160.844401479,,,,,13425201.0,4.0,20353931.22555078,34.400001525878906,141.8300018310547,33.66999816894531,555026784.601598,-0.0169896646666797,0.9457273291526888,0,1,-148,0.013333333333333334
58,58,MDT,87.40001525950669,89.91574025864804,86.73999312866289,89.55225372314453,6026000,0.0,0,0,0,0,0,0,0,0,0,0,0,0,0,0,0,0,0,0,0,0,0,0,0,0,0,0,0,0,0,0,0,0,0,0,0,0,0,0,0,0,0,0,0,0,0,0,0,0,0,0,0,0,0,0,0,0,0,0,0,0,0,,,,,,,,,,,,,,,3.1757471299851545,,,,,,,0.6777109056689612,,,,,,,,,,,,,,,,,,,87.93967784638978,,,87.34147231244356,,,,,,,,,,,1,0,,-1,,,,5.959312863485934,,,-5209071.604017448,,,,,22189000.0,2.0,21534957.14265497,34.400001525878906,141.8300018310547,33.66999816894531,526672491.9537873,-0.0264251863916127,0.9532603724269482,0,1,-148,0.013333333333333334
59,59,SCHW,34.482148799614784,36.23796140922245,34.29681467795427,35.75023651123047,10012600,0.0,0,0,0,0,0,0,0,0,0,0,0,0,0,0,0,0,0,0,0,0,0,0,0,0,0,0,0,0,0,0,0,0,0,0,0,0,0,0,0,0,0,0,0,0,0,0,0,0,0,0,0,0,0,0,0,0,0,0,0,0,0,,,,,,,,,,,,,,,1.9411467312681765,,,,,,,0.6532673142061892,,,,,,,,,,,,,,,,,,,35.454005181022644,,,35.351538016984804,,,,,,,,,,,1,0,,-1,,,,3.7944982049679936,,,-5287190.307013962,,,,,37027400.0,2.0,19794745.371592566,34.400001525878906,141.8300018310547,33.66999816894531,345255963.071023,-0.0610889341831069,0.9674327270686196,0,1,-148,0.013333333333333334
60,60,AXP,97.4699033404492,102.08997467660473,95.15012231803736,101.31996154785156,6472400,0.0,0,0,0,0,0,0,0,0,0,0,0,0,0,0,0,0,0,0,100,0,0,0,0,0,0,0,0,0,0,0,0,0,0,0,0,0,0,0,0,0,0,0,0,0,0,0,0,0,0,0,0,0,0,0,0,0,0,0,0,0,0,,,,,,,,,,,,,,,6.939852358567364,,,,,,,0.5547752327395544,,,,,,,,,,,,,,,,,,,97.8433210556488,,,96.77584449306218,,,,,,,,,,,1,0,,-1,,,,11.667142156099573,,,479873.7714505289,,,,,22324700.0,2.0,37100137.79463227,34.400001525878906,141.8300018310547,33.66999816894531,630864202.3807235,-0.0311016383538563,0.9913750828480156,0,1,-148,0.013333333333333334
61,61,LOW,119.89560280491058,124.3358204828196,119.5944013589875,124.1026382446289,5063000,0.0,0,0,0,0,0,0,0,0,0,0,0,0,0,0,0,0,0,0,100,0,0,0,0,0,0,0,0,0,0,0,0,0,0,0,0,0,0,0,0,0,0,0,0,0,0,0,0,0,0,0,0,0,0,0,0,0,0,0,0,0,0,,,,,,,,,,,,,,,4.741419123832102,,,,,,,0.8872945693773896,,,,,,,,,,,,,,,,,,,121.63395621626285,,,120.92332687462506,,,,,,,,,,,1,0,,-1,,,,7.850552175886861,,,272989.26298182644,,,,,15524700.0,1.0,14346089.49518185,34.400001525878906,141.8300018310547,33.66999816894531,607031437.0012623,-0.026506823984718,0.9698969261614522,0,1,-148,0.013333333333333334
62,62,CVS,59.850030655531015,60.56219190987,58.70107803453494,60.12540054321289,9379400,0.0,0,0,0,0,0,0,0,0,0,0,0,0,0,0,0,0,0,0,0,0,0,0,0,0,0,0,0,0,0,0,0,0,0,0,0,0,0,0,0,0,0,0,0,0,0,0,0,0,0,0,0,0,0,0,0,0,0,0,0,0,0,,,,,,,,,,,,,,,2.212446593150609,,,,,,,0.1479597198921001,,,,,,,,,,,,,,,,,,,60.19040958086396,,,60.06814020165256,,,,,,,,,,,0,1,,-1,,,,4.510351835142771,,,-4813658.76124007,,,,,12893600.0,4.0,4080565.479217012,34.400001525878906,141.8300018310547,33.66999816894531,561357377.5304877,-0.0268642130899792,0.9534109601314024,0,1,-148,0.013333333333333334
63,63,AMT,242.34996482747687,252.8952653137387,242.2442227149659,252.3281097412109,1532400,0.0,0,0,0,0,0,0,0,0,0,0,0,0,0,0,0,0,0,0,0,0,0,0,0,0,0,0,0,0,0,0,0,0,0,0,0,0,0,0,0,0,0,0,0,0,0,0,0,0,0,0,0,0,0,0,0,0,0,0,0,0,0,,,,,,,,,,,,,,,10.65104259877279,,,,,,,0.9368233035593776,,,,,,,,,,,,,,,,,,,245.3377481195374,,,243.19249560607287,,,,,,,,,,,1,0,,-1,,,,17.062857902623705,,,-88491.03078582254,,,,,5517800.0,1.0,6370953.767763658,34.400001525878906,141.8300018310547,33.66999816894531,371377086.1016257,-0.0179575082727047,0.9592495058689268,0,1,-148,0.013333333333333334
64,64,ANTM,251.7264611191085,258.49243212632007,244.9410040867928,256.11993408203125,2096600,0.0,0,0,0,0,0,0,0,0,0,0,0,0,0,0,0,0,0,0,0,0,0,0,0,0,0,0,0,0,0,0,0,0,0,0,0,0,0,0,0,0,0,0,0,0,0,0,0,0,0,0,0,0,0,0,0,0,0,0,0,0,0,,,,,,,,,,,,,,,14.508214663207184,,,,,,,0.3242073787432377,,,,,,,,,,,,,,,,,,,258.0293311464233,,,258.15727637365427,,,,,,,,,,,0,1,,-1,,,,30.43214074702325,,,-527707.0026321248,,,,,1494400.0,3.0,-2026136.0519516263,34.400001525878906,141.8300018310547,33.66999816894531,527769698.3823229,-0.0540432051716398,0.9081717212581096,0,1,-148,0.013333333333333334
65,65,CAT,113.4255547464073,119.04370883065354,112.9470063002769,118.30674743652344,4093100,0.0,0,0,0,0,0,0,0,0,0,0,0,0,0,0,0,0,0,0,0,0,0,0,0,0,0,0,0,0,0,0,0,0,0,0,0,0,0,0,0,0,0,0,0,0,0,0,0,0,0,0,0,0,0,0,0,0,0,0,0,0,0,,,,,,,,,,,,,,,6.096702530376646,,,,,,,0.8006283176513425,,,,,,,,,,,,,,,,,,,117.069558233017,,,116.6520765372246,,,,,,,,,,,1,0,,-1,,,,11.75314321993298,,,-1424338.752943749,,,,,14555100.0,2.0,7442734.847570555,34.400001525878906,141.8300018310547,33.66999816894531,464262138.1325197,-0.0473472763737329,0.9375048836952192,0,1,-148,0.013333333333333334
66,66,LMT,352.96160888671875,356.6209522949196,347.54349405793914,352.96160888671875,2271300,0.0,0,0,0,0,0,0,0,0,0,0,0,0,0,0,0,0,0,0,0,0,0,0,0,0,0,0,0,0,0,0,0,0,0,0,0,0,0,0,0,0,0,0,0,0,0,0,0,0,0,0,0,0,0,0,0,0,0,0,0,0,0,,,,,,,,,,,,,,,13.540459799482733,,,,,,,0.0,,,,,,,,,,,,,,,,,,,360.39880150836194,,,361.6934872777504,,,,,,,,,,,0,1,,-1,,,,26.27726144466408,,,-1894927.7737042431,,,,,-2360600.0,3.0,-6045426.7768792,34.400001525878906,141.8300018310547,33.66999816894531,801681702.2644043,-0.050974767688395,0.950571730523206,0,1,-148,0.013333333333333334
67,67,SPGI,305.0742623056778,315.80106100602086,303.21427900045524,314.5709228515625,998000,0.0,0,0,0,0,0,0,0,0,0,0,0,0,0,0,0,0,0,0,0,0,0,0,0,0,0,0,0,0,0,0,0,0,0,0,0,0,0,0,0,0,0,0,0,0,0,0,0,0,0,0,0,0,0,0,0,0,0,0,0,0,0,,,,,,,,,,,,,,,12.586782005565624,,,,,,,0.7544947184820929,,,,,,,,,,,,,,,,,,,306.792698505127,,,304.0035152345329,,,,,,,,,,,1,0,,-1,,,,22.477152878318748,,,25220.162641825853,,,,,3830200.0,2.0,4623647.334118744,34.400001525878906,141.8300018310547,33.66999816894531,304464113.7810664,-0.0140264159825087,0.9538460389102804,0,1,-148,0.013333333333333334
68,68,INTU,271.8600626734492,281.88429910193616,271.05931362965055,279.9071350097656,943100,0.0,0,0,0,0,0,0,0,0,0,0,0,0,0,0,0,0,0,0,0,0,0,0,0,0,0,0,0,0,0,0,0,0,0,0,0,0,0,0,0,0,0,0,0,0,0,0,0,0,0,0,0,0,0,0,0,0,0,0,0,0,0,,,,,,,,,,,,,,,10.824985472285618,,,,,,,0.7433795044731224,,,,,,,,,,,,,,,,,,,276.3905096864014,,,275.42442574707854,,,,,,,,,,,1,0,,-1,,,,19.218025143789987,,,-942290.8967691202,,,,,3509200.0,2.0,2013293.916789591,34.400001525878906,141.8300018310547,33.66999816894531,256391225.10733,-0.0313831545587642,0.93569240516661,0,1,-148,0.013333333333333334
69,69,DE,144.71723794056203,151.76876090578816,144.46364652742966,151.63221740722656,1321200,0.0,0,0,0,0,0,0,0,0,0,0,0,0,0,0,0,0,0,0,0,0,0,0,0,0,0,0,0,0,0,0,0,0,0,0,0,0,0,0,0,0,0,0,0,0,0,0,0,0,0,0,0,0,0,0,0,0,0,0,0,0,0,,,,,,,,,,,,,,,7.305114378358496,,,,,,,0.9465942774489962,,,,,,,,,,,,,,,,,,,149.04254736492925,,,148.05606923578972,,,,,,,,,,,1,0,,-1,,,,14.122557858279492,,,408306.7646861,,,,,4495400.0,2.0,4529948.315141464,34.400001525878906,141.8300018310547,33.66999816894531,191200414.76707056,-0.0515818411498881,0.9558719691978224,0,1,-148,0.013333333333333334
70,70,GS,187.89418428867788,198.70341330914823,187.3374021228842,198.0506286621093,3467400,0.0,0,0,0,0,0,0,0,0,0,0,0,0,0,0,0,0,0,0,0,0,0,0,0,0,0,0,0,0,0,0,0,0,0,0,0,0,0,0,0,0,0,0,0,0,0,0,0,0,0,0,0,0,0,0,0,0,0,0,0,0,0,,,,,,,,,,,,,,,11.366011186264018,,,,,,,0.8935803605143114,,,,,,,,,,,,,,,,,,,190.3746664904785,,,187.86647289696543,,,,,,,,,,,1,0,,-1,,,,18.38335904244991,,,445158.11035549454,,,,,11771600.0,1.0,21107004.887633383,34.400001525878906,141.8300018310547,33.66999816894531,651504294.6025617,-0.0243743485363407,0.9561799317857612,0,1,-148,0.013333333333333334
71,71,BLK,495.7484668961316,525.7480722912982,493.3473447301053,519.47265625,1242900,0.0,0,0,0,0,0,0,0,0,0,0,0,0,0,0,0,0,0,0,100,0,0,0,0,0,0,0,0,0,0,0,0,0,0,0,0,0,0,0,0,0,0,0,0,0,0,0,0,0,0,0,0,0,0,0,0,0,0,0,0,0,0,,,,,,,,,,,,,,,32.40072756119292,,,,,,,0.7322116242316556,,,,,,,,,,,,,,,,,,,506.5345447249756,,,504.0769856365229,,,,,,,,,,,1,0,,-1,,,,49.505068403635846,,,-172730.272221882,,,,,3559300.0,1.0,4142155.240770521,34.400001525878906,141.8300018310547,33.66999816894531,616165769.5052019,-0.0374629225497767,0.9525060334229978,0,1,-148,0.013333333333333334
72,72,C,46.55599751354491,49.38886936418616,46.35098952966409,49.37023162841797,36592100,0.0,0,0,0,0,0,0,0,0,0,0,0,0,0,0,0,0,0,0,0,0,0,0,0,0,0,0,0,0,0,0,0,0,0,0,0,0,0,0,0,0,0,0,0,0,0,0,0,0,0,0,0,0,0,0,0,0,0,0,0,0,0,,,,,,,,,,,,,,,3.037879834522066,,,,,,,0.9263809854795684,,,,,,,,,,,,,,,,,,,46.73984880252839,,,45.64344918319309,,,,,,,,,,,1,0,,-1,,,,5.395499964454288,,,11627239.87563413,,,,,137730700.0,2.0,362541147.8898336,34.400001525878906,141.8300018310547,33.66999816894531,1703581716.6153867,-0.02801564389552,0.9669055633652812,0,1,-148,0.013333333333333334
73,73,PYPL,152.6300048828125,157.9199981689453,152.22000122070312,157.5500030517578,5115000,0.0,0,0,0,0,0,0,0,0,0,0,0,0,0,0,0,0,0,0,100,0,0,0,0,0,0,0,0,0,0,0,0,0,0,0,0,0,0,0,0,0,0,0,0,0,0,0,0,0,0,0,0,0,0,0,0,0,0,0,0,0,0,,,,,,,,,,,,,,,5.699996948242188,,,,,,,0.86315803563063,,,,,,,,,,,,,,,,,,,154.46972556243898,,,153.63454401186092,,,,,,,,,,,1,0,,-1,,,,9.1099853515625,,,-2368910.374824593,,,,,21194800.0,2.0,17753855.40340803,34.400001525878906,141.8300018310547,33.66999816894531,780702474.9755859,-0.0282057350352916,0.9639384136217026,0,1,-148,0.013333333333333334
74,74,AMAT,53.96148352702242,56.231168618212514,53.56846694613368,56.0543098449707,7221000,0.0,0,0,0,0,0,0,0,0,0,0,0,0,0,0,0,0,0,0,0,0,0,0,0,0,0,0,0,0,0,0,0,0,0,0,0,0,0,0,0,0,0,0,0,0,0,0,0,0,0,0,0,0,0,0,0,0,0,0,0,0,0,,,,,,,,,,,,,,,2.662701672078832,,,,,,,0.7859785194465149,,,,,,,,,,,,,,,,,,,55.01752993740847,,,54.68140917312514,,,,,,,,,,,1,0,,-1,,,,4.834131371501414,,,-2440508.507890814,,,,,25142000.0,2.0,23942747.754810244,34.400001525878906,141.8300018310547,33.66999816894531,389655872.5486289,-0.0450356768321414,0.9426707350938492,0,1,-148,0.013333333333333334
75,75,NOW,378.2000122070313,393.9800109863281,375.3699951171875,392.5,1436600,0.0,0,0,0,0,0,0,0,0,0,0,0,0,0,0,0,0,0,0,100,0,0,0,0,0,0,0,0,0,0,0,0,0,0,0,0,0,0,0,0,0,0,0,0,0,0,0,0,0,0,0,0,0,0,0,0,0,0,0,0,0,0,,,,,,,,,,,,,,,18.610015869140625,,,,,,,0.768402772653256,,,,,,,,,,,,,,,,,,,380.872588144165,,,377.3491055358695,,,,,,,,,,,1,0,,-1,,,,29.85003662109375,,,-1185499.1210655936,,,,,5918200.0,2.0,6932722.939744382,34.400001525878906,141.8300018310547,33.66999816894531,543322137.5366211,-0.0243021078087273,0.960312889068526,0,1,-148,0.013333333333333334
76,76,MO,33.82264151625095,35.4487320818256,33.699586702713965,35.43115234375,11940200,0.0,0,0,0,0,0,0,0,0,0,0,0,0,0,0,0,0,0,0,100,0,0,0,0,0,0,0,0,0,0,0,0,0,0,0,0,0,0,0,0,0,0,0,0,0,0,0,0,0,0,0,0,0,0,0,0,0,0,0,0,0,0,,,,,,,,,,,,,,,1.7491453791116314,,,,,,,0.9195981344420868,,,,,,,,,,,,,,,,,,,34.274160483657845,,,33.98358014537115,,,,,,,,,,,1,0,,-1,,,,2.4611012745806846,,,4840305.509389862,,,,,37971400.0,2.0,58189792.13920189,34.400001525878906,141.8300018310547,33.66999816894531,403849104.2323396,-0.0235978406941115,0.9625621173430656,0,1,-148,0.013333333333333334
77,77,EL,185.11071621378355,188.5755174496115,182.67945118693584,188.43771362304688,822100,0.0,0,0,0,0,0,0,0,0,0,0,0,0,0,0,0,0,0,0,0,0,0,0,0,0,0,0,0,0,0,0,0,0,0,0,0,0,0,0,0,0,0,0,0,0,0,0,0,0,0,0,0,0,0,0,0,0,0,0,0,0,0,,,,,,,,,,,,,,,5.896066262675674,,,,,,,0.5642740873392956,,,,,,,,,,,,,,,,,,,187.13866764862067,,,186.62944141848416,,,,,,,,,,,1,0,,-1,,,,11.733096270468536,,,7210.50679880497,,,,,3928500.0,2.0,2174916.246058734,34.400001525878906,141.8300018310547,33.66999816894531,152179519.79935145,-0.0191928036765909,0.9576819564367794,0,1,-148,0.013333333333333334
78,78,BKNG,1567.6600341796875,1664.9300537109375,1555.010009765625,1650.6700439453125,409800,0.0,0,0,0,0,0,0,0,0,0,0,0,0,0,0,0,0,0,0,0,0,0,0,0,0,0,0,0,0,0,0,0,0,0,0,0,0,0,0,0,0,0,0,0,0,0,0,0,0,0,0,0,0,0,0,0,0,0,0,0,0,0,,,,,,,,,,,,,,,109.9200439453125,,,,,,,0.7551853764443927,,,,,,,,,,,,,,,,,,,1609.0724851323246,,,1596.7278041614238,,,,,,,,,,,1,0,,-1,,,,193.090087890625,,,-286724.76200439833,,,,,1819300.0,2.0,1770391.4109871555,34.400001525878906,141.8300018310547,33.66999816894531,642427082.0068359,-0.0519542050834763,0.9467403794386364,0,1,-148,0.013333333333333334
79,79,PLD,87.65046201951169,91.90233941694684,87.61189532073334,91.00568389892578,3647800,0.58,0,0,0,0,0,0,0,0,0,0,0,0,0,0,0,0,0,0,0,0,0,0,0,0,0,0,0,0,0,0,0,0,0,0,0,0,0,0,0,0,0,0,0,0,0,0,0,0,0,0,0,0,0,0,0,0,0,0,0,0,0,,,,,,,,,,,,,,,4.2904440962135055,,,,,,,0.782022048108076,,,,,,,,,,,,,,,,,,,88.63623792890932,,,87.71056458802478,,,,,,,,,,,1,0,,-1,,,,8.08918134428248,,,225411.0378295924,,,,,12887200.0,2.0,18565968.852936536,34.400001525878906,141.8300018310547,33.66999816894531,319731355.3547748,-0.0226343558945913,0.9755934742700872,0,1,-148,0.013333333333333334
80,80,ADP,137.13576614321823,142.55167294644735,136.78047194300694,141.43775939941406,1754700,0.0,0,0,0,0,0,0,0,0,0,0,0,0,0,0,0,0,0,0,0,0,0,0,0,0,0,0,0,0,0,0,0,0,0,0,0,0,0,0,0,0,0,0,0,0,0,0,0,0,0,0,0,0,0,0,0,0,0,0,0,0,0,,,,,,,,,,,,,,,5.77120100344041,,,,,,,0.7454242632740158,,,,,,,,,,,,,,,,,,,138.97411931137083,,,137.99359853057058,,,,,,,,,,,1,0,,-1,,,,11.273511626021444,,,-849982.5601117755,,,,,7402800.0,2.0,7998002.521578761,34.400001525878906,141.8300018310547,33.66999816894531,240632128.85150504,-0.0317965120605006,0.9336427091875398,0,1,-148,0.013333333333333334
81,81,SBUX,71.48659404714374,74.95990007059535,71.27492328929297,74.04586791992188,14644700,0.0,0,0,0,0,0,0,0,0,0,0,0,0,0,0,0,0,0,0,0,0,0,0,0,0,0,0,0,0,0,0,0,0,0,0,0,0,0,0,0,0,0,0,0,0,0,0,0,0,0,0,0,0,0,0,0,0,0,0,0,0,0,,,,,,,,,,,,,,,3.6849767813023817,,,,,,,0.6945156033991646,,,,,,,,,,,,,,,,,,,71.47056395372012,,,70.43648842416918,,,,,,,,,,,1,0,,-1,,,,6.811901499616482,,,-59449.92985683028,,,,,59596700.0,2.0,108403885.78928705,34.400001525878906,141.8300018310547,33.66999816894531,1046899723.842206,-0.0093331267127999,0.9808581318011969,0,1,-148,0.013333333333333334
82,82,CB,116.69063765316216,124.62255533112224,115.5561317214997,124.21875,2709800,0.0,0,0,0,0,0,0,0,0,0,0,0,0,0,0,0,0,0,0,100,0,0,0,0,0,0,0,0,0,0,0,0,0,0,0,0,0,0,0,0,0,0,0,0,0,0,0,0,0,0,0,0,0,0,0,0,0,0,0,0,0,0,,,,,,,,,,,,,,,9.066423609622532,,,,,,,0.8303287680985879,,,,,,,,,,,,,,,,,,,119.2038082668915,,,117.67539418797436,,,,,,,,,,,1,0,,-1,,,,14.75818291260444,,,-215026.44091759576,,,,,8060900.0,1.0,14849762.135877484,34.400001525878906,141.8300018310547,33.66999816894531,316208289.9125388,-0.0426723463094148,0.9719706928240563,0,1,-148,0.013333333333333334
83,83,NFLX,421.3999938964844,426.489990234375,415.4200134277344,425.5,4467900,0.0,0,0,0,0,0,0,0,0,0,0,0,0,0,0,0,0,0,0,0,0,0,0,0,0,0,0,0,0,0,0,0,0,0,0,0,0,0,0,0,0,0,0,0,0,0,0,0,0,0,0,0,0,0,0,0,0,0,0,0,0,0,,,,,,,,,,,,,,,11.069976806640623,,,,,,,0.370371697712693,,,,,,,,,,,,,,,,,,,424.0857855429688,,,424.8297580645456,,,,,,,,,,,1,0,,-1,,,,21.36993408203125,,,-5918628.146372847,,,,,5469700.0,2.0,-3431331.875119022,34.400001525878906,141.8300018310547,33.66999816894531,1882773032.7301023,-0.0177156319429269,0.9841195279853026,0,1,-148,0.013333333333333334
84,84,MDLZ,48.588064998768935,49.076245017761664,47.87973037519328,49.02838516235352,5158400,0.0,0,0,0,0,0,0,0,0,0,0,0,0,0,0,0,0,0,0,0,0,0,0,0,0,0,0,0,0,0,0,0,0,0,0,0,0,0,0,0,0,0,0,0,0,0,0,0,0,0,0,0,0,0,0,0,0,0,0,0,0,0,,,,,,,,,,,,,,,1.1965146425683812,,,,,,,0.3680023193359423,,,,,,,,,,,,,,,,,,,48.55121953620149,,,48.44762639251148,,,,,,,,,,,1,0,,-1,,,,1.9814136161707263,,,-5457470.876494564,,,,,19849100.0,2.0,7361683.141631743,34.400001525878906,141.8300018310547,33.66999816894531,250636674.48964968,-0.0143691815762683,0.9648354287855434,0,1,-148,0.013333333333333334
85,85,SYK,179.2862869942602,186.10019510446443,177.43595682467208,184.52398681640625,1296400,0.0,0,0,0,0,0,0,0,0,0,0,0,0,0,0,0,0,0,0,0,0,0,0,0,0,0,0,0,0,0,0,0,0,0,0,0,0,0,0,0,0,0,0,0,0,0,0,0,0,0,0,0,0,0,0,0,0,0,0,0,0,0,,,,,,,,,,,,,,,8.664238279792357,,,,,,,0.6045193648888866,,,,,,,,,,,,,,,,,,,181.5680982334595,,,180.4715132347378,,,,,,,,,,,1,0,,-1,,,,16.652985226576902,,,-1220645.7344707055,,,,,5926100.0,2.0,4965055.235407573,34.400001525878906,141.8300018310547,33.66999816894531,232426742.45935893,-0.0308019088981928,0.9377335368928962,0,1,-148,0.013333333333333334
86,86,ADI,112.08533566120772,114.5171450963568,111.04312846225636,114.35309600830078,1695500,0.0,0,0,0,0,0,0,0,0,0,0,0,0,0,0,0,0,0,0,0,0,0,0,0,0,0,0,0,0,0,0,0,0,0,0,0,0,0,0,0,0,0,0,0,0,0,0,0,0,0,0,0,0,0,0,0,0,0,0,0,0,0,,,,,,,,,,,,,,,3.474016634100465,,,,,,,0.6527776306057526,,,,,,,,,,,,,,,,,,,112.73016092224124,,,112.07471031358077,,,,,,,,,,,1,0,,-1,,,,6.861203129040774,,,-218804.42973634205,,,,,8044700.0,2.0,7619402.966805845,34.400001525878906,141.8300018310547,33.66999816894531,190040686.6135777,-0.0281149494306844,0.9602347128074988,0,1,-148,0.013333333333333334
87,87,DUK,78.55660437541103,80.75515212515809,77.87302348645342,80.3302230834961,4501000,0.0,0,0,0,0,0,0,0,0,0,0,0,0,0,0,0,0,0,0,0,0,0,0,0,0,0,0,0,0,0,0,0,0,0,0,0,0,0,0,0,0,0,0,0,0,0,0,0,0,0,0,0,0,0,0,0,0,0,0,0,0,0,,,,,,,,,,,,,,,2.882128638704671,,,,,,,0.6153849915880899,,,,,,,,,,,,,,,,,,,80.35531827572633,,,80.40124934812926,,,,,,,,,,,1,0,,-1,,,,5.561040724674967,,,-580845.1706149345,,,,,5539400.0,1.0,-395107.6733060712,34.400001525878906,141.8300018310547,33.66999816894531,353583276.293725,-0.0437424043523745,0.9576576196940528,0,1,-148,0.013333333333333334
88,88,GE,55.15048943116137,58.32461916316745,54.356957944124,57.45173263549805,12770475,0.0,0,0,0,0,0,0,0,0,0,0,0,0,0,0,0,0,0,0,0,0,0,0,0,0,0,0,0,0,0,0,0,0,0,0,0,0,0,0,0,0,0,0,0,0,0,0,0,0,0,0,0,0,0,0,0,0,0,0,0,0,0,,,,,,,,,,,,,,,3.9676612190434497,,,,,,,0.5799999237060561,,,,,,,,,,,,,,,,,,,56.1234129914856,,,55.53248310235095,,,,,,,,,,,0,1,,-1,,,,8.014683400000962,,,-2058684.0111415023,,,,,15415601.0,3.0,52727144.41780496,34.400001525878906,141.8300018310547,33.66999816894531,704297946.5184104,-0.0531336581105112,0.984419169616352,0,1,-148,0.013333333333333334
89,89,MMM,140.87694716706253,149.0374926511709,140.51280399611443,147.27279663085938,4093800,0.0,0,0,0,0,0,0,0,0,0,0,0,0,0,0,0,0,0,0,100,0,0,0,0,0,0,0,0,0,0,0,0,0,0,0,0,0,0,0,0,0,0,0,0,0,0,0,0,0,0,0,0,0,0,0,0,0,0,0,0,0,0,,,,,,,,,,,,,,,8.52468865505648,,,,,,,0.7502736724587714,,,,,,,,,,,,,,,,,,,143.83495464398194,,,142.91411841000664,,,,,,,,,,,1,0,,-1,,,,14.37896715386296,,,-2218306.5929350816,,,,,12109200.0,1.0,12460261.405248296,34.400001525878906,141.8300018310547,33.66999816894531,576722046.3125206,-0.0345531790589567,0.9426463746244692,0,1,-148,0.013333333333333334
90,90,EOG,45.12429820784819,47.85553157305598,44.70690154478464,47.37461471557617,5415200,0.0,0,0,0,0,0,0,0,0,0,0,0,0,0,0,0,0,0,0,0,0,0,0,0,0,0,0,0,0,0,0,0,0,0,0,0,0,0,0,0,0,0,0,0,0,0,0,0,0,0,0,0,0,0,0,0,0,0,0,0,0,0,,,,,,,,,,,,,,,3.1486300282713344,,,,,,,0.7146970229981109,,,,,,,,,,,,,,,,,,,46.876683138198864,,,46.60702336234418,,,,,,,,,,,0,1,,-1,,,,6.623931656884466,,,-1497446.845237786,,,,,5027900.0,3.0,8929958.467084086,34.400001525878906,141.8300018310547,33.66999816894531,244357099.6551396,-0.076509038127978,0.9605947542343336,0,1,-148,0.013333333333333334
91,91,BA,177.17999267578125,193.22999572753903,175.88999938964844,190.94000244140625,78612900,0.0,0,0,0,0,0,0,0,0,0,0,0,0,0,0,0,0,0,0,0,0,0,0,0,0,0,0,0,0,0,0,0,0,0,0,0,0,0,0,0,0,0,0,0,0,0,0,0,0,0,0,0,0,0,0,0,0,0,0,0,0,0,,,,,,,,,,,,,,,17.339996337890625,,,,,,,0.7935416765664022,,,,,,,,,,,,,,,,,,,178.43324300808715,,,172.53691730611138,,,,,,,,,,,1,0,,-1,,,,33.24998474121094,,,54343077.41500838,,,,,271375800.0,2.0,1087038663.3316991,34.400001525878906,141.8300018310547,33.66999816894531,13928633046.221924,-0.0532727841082254,0.9879006782610206,0,1,-148,0.013333333333333334
92,92,CI,180.3505208883152,184.36111757588984,177.51778669418994,182.1611328125,2105400,0.0,0,0,0,0,0,0,0,0,0,0,0,0,0,0,0,0,0,0,0,0,0,0,0,0,0,0,0,0,0,0,0,0,0,0,0,0,0,0,0,0,0,0,0,0,0,0,0,0,0,0,0,0,0,0,0,0,0,0,0,0,0,,,,,,,,,,,,,,,7.456624316552251,,,,,,,0.2645805026068034,,,,,,,,,,,,,,,,,,,185.2280520000916,,,185.8636275872986,,,,,,,,,,,0,1,,-1,,,,16.499939961642042,,,-2549021.159036478,,,,,-1173900.0,3.0,-4813773.8656068,34.400001525878906,141.8300018310547,33.66999816894531,379709986.6782588,-0.0634889277249932,0.9073857687947294,0,1,-148,0.013333333333333334
93,93,CHTR,514.0499877929688,526.75,511.5499877929688,526.02001953125,910400,0.0,0,0,0,0,0,0,0,0,0,0,0,0,0,0,0,0,0,0,100,0,0,0,0,0,0,0,0,0,0,0,0,0,0,0,0,0,0,0,0,0,0,0,0,0,0,0,0,0,0,0,0,0,0,0,0,0,0,0,0,0,0,,,,,,,,,,,,,,,15.20001220703125,,,,,,,0.7875014556069981,,,,,,,,,,,,,,,,,,,520.1791373654785,,,518.4696598138243,,,,,,,,,,,1,0,,-1,,,,26.95001220703125,,,-718079.9147769667,,,,,3439400.0,2.0,1690720.6911584877,34.400001525878906,141.8300018310547,33.66999816894531,467991108.8867188,-0.0196433456136981,0.9649714977942628,0,1,-148,0.013333333333333334
94,94,ZTS,130.30281929254326,132.13167154549424,128.91883359280015,131.77578735351562,2457900,0.0,0,0,0,0,0,0,0,0,0,0,0,0,0,0,0,0,0,0,0,0,0,0,0,0,0,0,0,0,0,0,0,0,0,0,0,0,0,0,0,0,0,0,0,0,0,0,0,0,0,0,0,0,0,0,0,0,0,0,0,0,0,,,,,,,,,,,,,,,3.618168970676408,,,,,,,0.4584632286658662,,,,,,,,,,,,,,,,,,,130.6311657652893,,,130.01616166878068,,,,,,,,,,,0,1,,-1,,,,7.186891115349113,,,-163898.94909498305,,,,,1704600.0,3.0,2351463.1777786766,34.400001525878906,141.8300018310547,33.66999816894531,320271299.5391421,-0.0190519691848175,0.9574346192595096,0,1,-148,0.013333333333333334
95,95,SO,50.92112539181528,52.44967985016358,50.20289001760174,51.95243835449219,4628200,0.0,0,0,0,0,0,0,0,0,0,0,0,0,0,0,0,0,0,0,0,0,0,0,0,0,0,0,0,0,0,0,0,0,0,0,0,0,0,0,0,0,0,0,0,0,0,0,0,0,0,0,0,0,0,0,0,0,0,0,0,0,0,,,,,,,,,,,,,,,2.246789832561838,,,,,,,0.4590162140359082,,,,,,,,,,,,,,,,,,,51.730096697769184,,,51.68488178634228,,,,,,,,,,,1,0,,-1,,,,4.263377943932269,,,-2754633.865024829,,,,,14609500.0,1.0,2706488.576780272,34.400001525878906,141.8300018310547,33.66999816894531,235673152.5383995,-0.0352408044524474,0.9534481900525608,0,1,-148,0.013333333333333334
96,96,CCI,152.81769845235158,158.96488901216398,152.685094107512,158.7186279296875,3733600,0.0,0,0,0,0,0,0,0,0,0,0,0,0,0,0,0,0,0,0,100,0,0,0,0,0,0,0,0,0,0,0,0,0,0,0,0,0,0,0,0,0,0,0,0,0,0,0,0,0,0,0,0,0,0,0,0,0,0,0,0,0,0,,,,,,,,,,,,,,,6.279794904651993,,,,,,,0.939669139984904,,,,,,,,,,,,,,,,,,,154.3386656918335,,,153.07312195997645,,,,,,,,,,,1,0,,-1,,,,9.528583949928986,,,834123.5672668279,,,,,8746900.0,1.0,11677493.795200422,34.400001525878906,141.8300018310547,33.66999816894531,570560158.9416999,-0.0209355638382837,0.9487798222887114,0,1,-148,0.013333333333333334
97,97,MMC,99.00774700236772,102.93893991910552,98.53212362464424,102.8904037475586,2307100,0.0,0,0,0,0,0,0,0,0,0,0,0,0,0,0,0,0,0,0,0,0,0,0,0,0,0,0,0,0,0,0,0,0,0,0,0,0,0,0,0,0,0,0,0,0,0,0,0,0,0,0,0,0,0,0,0,0,0,0,0,0,0,,,,,,,,,,,,,,,4.406816294461265,,,,,,,0.8810570910502503,,,,,,,,,,,,,,,,,,,101.5728515371399,,,101.34265353556256,,,,,,,,,,,1,0,,-1,,,,7.202327352106124,,,-1064256.922519092,,,,,8415700.0,2.0,3962269.117516296,34.400001525878906,141.8300018310547,33.66999816894531,228420773.1091625,-0.0398192986590528,0.940699053161763,0,1,-148,0.013333333333333334
98,98,MU,47.17905036572354,49.53999414809467,46.92004163003253,49.0518684387207,18092300,0.0,0,0,0,0,0,0,0,0,0,0,0,0,0,0,0,0,0,0,0,0,0,0,0,0,0,0,0,0,0,0,0,0,0,0,0,0,0,0,0,0,0,0,0,0,0,0,0,0,0,0,0,0,0,0,0,0,0,0,0,0,0,,,,,,,,,,,,,,,2.619952518062142,,,,,,,0.7148290131541771,,,,,,,,,,,,,,,,,,,48.52616237745666,,,48.41745527684588,,,,,,,,,,,1,0,,-1,,,,4.692003882559831,,,-15507740.996302236,,,,,72283500.0,2.0,28948806.80869691,34.400001525878906,141.8300018310547,33.66999816894531,853577532.93178,-0.0582620942554258,0.9393098544238444,0,1,-148,0.013333333333333334
99,99,GILD,67.88670813574782,69.00795919085111,67.09905325387672,68.54463195800781,6411800,0.0,0,0,0,0,0,0,0,0,0,0,0,0,0,0,0,0,0,0,0,0,0,0,0,0,0,0,0,0,0,0,0,0,0,0,0,0,0,0,0,0,0,0,0,0,0,0,0,0,0,0,0,0,0,0,0,0,0,0,0,0,0,,,,,,,,,,,,,,,1.908905936974392,,,,,,,0.3446601582175363,,,,,,,,,,,,,,,,,,,67.79399524040223,,,67.62578899632689,,,,,,,,,,,1,0,,-1,,,,3.2154880941749013,,,-4606512.756424511,,,,,26885600.0,2.0,10884153.74272218,34.400001525878906,141.8300018310547,33.66999816894531,435275995.2247879,-0.0009546440581076,0.9647089074241324,0,1,-148,0.013333333333333334
100,100,ISRG,182.1666717529297,190.6600036621093,181.6233367919922,190.4266662597656,1845600,0.0,0,0,0,0,0,0,0,0,0,0,0,0,0,0,0,0,0,0,100,0,0,0,0,0,0,0,0,0,0,0,0,0,0,0,0,0,0,0,0,0,0,0,0,0,0,0,0,0,0,0,0,0,0,0,0,0,0,0,0,0,0,,,,,,,,,,,,,,,9.036666870117188,,,,,,,0.9140532262122464,,,,,,,,,,,,,,,,,,,185.0253752700196,,,183.5746198178299,,,,,,,,,,,1,0,,-1,,,,13.783340454101562,,,-604925.8922972372,,,,,6510000.0,2.0,8150549.577738821,34.400001525878906,141.8300018310547,33.66999816894531,336206809.38720703,-0.0293589747550688,0.9521403803273836,0,1,-148,0.013333333333333334
101,101,USB,33.36100645662687,36.33118673415147,33.20271907219743,36.107723236083984,11284100,0.0,0,0,0,0,0,0,0,0,0,0,0,0,0,0,0,0,0,0,100,0,0,0,0,0,0,0,0,0,0,0,0,0,0,0,0,0,0,0,0,0,0,0,0,0,0,0,0,0,0,0,0,0,0,0,0,0,0,0,0,0,0,,,,,,,,,,,,,,,3.1284676619540406,,,,,,,0.8779751227287795,,,,,,,,,,,,,,,,,,,34.441692627388015,,,33.93900509915474,,,,,,,,,,,1,0,,-1,,,,5.074459280206909,,,-3955413.56683236,,,,,36709300.0,1.0,73570740.71394178,34.400001525878906,141.8300018310547,33.66999816894531,376448932.9572232,-0.0610589295903649,0.9776260797240076,0,1,-148,0.013333333333333334
102,102,NOC,300.2992785621843,305.39203447155296,298.1732541740927,303.07275390625,1194300,0.0,0,0,0,0,0,0,0,0,0,0,0,0,0,0,0,0,0,0,0,0,0,0,0,0,0,0,0,0,0,0,0,0,0,0,0,0,0,0,0,0,0,0,0,0,0,0,0,0,0,0,0,0,0,0,0,0,0,0,0,0,0,,,,,,,,,,,,,,,8.822992163797949,,,,,,,0.384202764148597,,,,,,,,,,,,,,,,,,,307.996969090332,,,309.119683591542,,,,,,,,,,,0,1,,-1,,,,18.3610530265612,,,-854505.5816109811,,,,,-1046200.0,3.0,-2369630.153494124,34.400001525878906,141.8300018310547,33.66999816894531,358647428.38681674,-0.0546092094943508,0.9416667778748828,0,1,-148,0.013333333333333334
103,103,TGT,111.92084228234243,115.05183742481007,111.69789653704862,114.52838897705078,4593800,0.0,0,0,0,0,0,0,0,0,0,0,0,0,0,0,0,0,0,0,0,0,0,0,0,0,0,0,0,0,0,0,0,0,0,0,0,0,0,0,0,0,0,0,0,0,0,0,0,0,0,0,0,0,0,0,0,0,0,0,0,0,0,,,,,,,,,,,,,,,3.3539408877614534,,,,,,,0.7774575587254037,,,,,,,,,,,,,,,,,,,114.21279070571902,,,114.3054600890619,,,,,,,,,,,1,0,,-1,,,,5.496188965464313,,,-1878661.058437923,,,,,4645500.0,2.0,252988.7322726557,34.400001525878906,141.8300018310547,33.66999816894531,514141965.2766248,-0.0344538708589747,0.9737708589943446,0,1,-148,0.013333333333333334
104,104,BDX,217.19085331830675,224.1792380472312,215.59567854322617,222.32769775390625,2054613,0.0,0,0,0,0,0,0,0,0,0,0,0,0,0,0,0,0,0,0,0,0,0,0,0,0,0,0,0,0,0,0,0,0,0,0,0,0,0,0,0,0,0,0,0,0,0,0,0,0,0,0,0,0,0,0,0,0,0,0,0,0,0,,,,,,,,,,,,,,,8.583559504005024,,,,,,,0.5984515436984723,,,,,,,,,,,,,,,,,,,219.5263954711609,,,218.97793483774035,,,,,,,,,,,1,0,,-1,,,,14.06221483320536,,,-1786658.7393806677,,,,,6553954.0,2.0,3528027.433789424,34.400001525878906,141.8300018310547,33.66999816894531,446243150.7088862,-0.0247708008024045,0.96952490167475,0,1,-148,0.013333333333333334
105,105,TJX,49.149890129173,51.43501945017032,48.93504738265098,51.366661071777344,8299000,0.0,0,0,0,0,0,0,0,0,0,0,0,0,0,0,0,0,0,0,0,0,0,0,0,0,0,0,0,0,0,0,0,0,0,0,0,0,0,0,0,0,0,0,0,0,0,0,0,0,0,0,0,0,0,0,0,0,0,0,0,0,0,,,,,,,,,,,,,,,2.4999720675193373,,,,,,,0.8867182843382688,,,,,,,,,,,,,,,,,,,51.37420689107514,,,51.40153292952999,,,,,,,,,,,1,0,,-1,,,,4.863225385038675,,,772929.9002793636,,,,,11635400.0,1.0,-583678.1602332722,34.400001525878906,141.8300018310547,33.66999816894531,407894938.1820067,-0.0715734248431193,0.9539425301774156,0,1,-148,0.013333333333333334
106,106,CME,160.84577429821073,164.830586473126,160.49885150973157,163.75233459472656,1967500,0.0,0,0,0,0,0,0,0,0,0,0,0,0,0,0,0,0,0,0,0,0,0,0,0,0,0,0,0,0,0,0,0,0,0,0,0,0,0,0,0,0,0,0,0,0,0,0,0,0,0,0,0,0,0,0,0,0,0,0,0,0,0,,,,,,,,,,,,,,,4.331734963394439,,,,,,,0.670992182365237,,,,,,,,,,,,,,,,,,,163.50780588949584,,,163.4003631224648,,,,,,,,,,,0,1,,-1,,,,8.72909797854669,,,-2154991.1004187893,,,,,3981400.0,4.0,857537.9384026683,34.400001525878906,141.8300018310547,33.66999816894531,316464060.9317296,-0.0347717396523971,0.9242497806766472,0,1,-148,0.013333333333333334
107,107,LRCX,269.66951161850164,285.20347632897034,268.35953826336623,284.616943359375,2109500,0.0,0,0,0,0,0,0,0,0,0,0,0,0,0,0,0,0,0,0,0,0,0,0,0,0,0,0,0,0,0,0,0,0,0,0,0,0,0,0,0,0,0,0,0,0,0,0,0,0,0,0,0,0,0,0,0,0,0,0,0,0,0,,,,,,,,,,,,,,,16.843938065604107,,,,,,,0.8874071896165731,,,,,,,,,,,,,,,,,,,278.3823848407593,,,277.0390624659059,,,,,,,,,,,1,0,,-1,,,,27.21622696128634,,,-210855.4611961397,,,,,6335800.0,2.0,6509487.1135149,34.400001525878906,141.8300018310547,33.66999816894531,568867834.7592292,-0.0578894636170996,0.9437545555408284,0,1,-148,0.013333333333333334
108,108,PNC,100.01290240980812,106.5275132585504,99.58987861878028,106.19849395751952,2606600,0.0,0,0,0,0,0,0,0,0,0,0,0,0,0,0,0,0,0,0,0,0,0,0,0,0,0,0,0,0,0,0,0,0,0,0,0,0,0,0,0,0,0,0,0,0,0,0,0,0,0,0,0,0,0,0,0,0,0,0,0,0,0,,,,,,,,,,,,,,,6.937634639770096,,,,,,,0.8915994959222,,,,,,,,,,,,,,,,,,,102.79601968612673,,,101.74002666420247,,,,,,,,,,,1,0,,-1,,,,11.797724113524566,,,-1163278.0413611918,,,,,10500600.0,2.0,16479410.439512566,34.400001525878906,141.8300018310547,33.66999816894531,260693631.42140585,-0.0585787735184034,0.9484712083106578,0,1,-148,0.013333333333333334
109,109,SHW,175.76297880279145,187.5679546549759,175.7531317160007,186.91539001464844,2628300,0.0,0,0,0,0,0,0,0,0,0,0,0,0,0,0,0,0,0,0,100,0,0,0,0,0,0,0,0,0,0,0,0,0,0,0,0,0,0,0,0,0,0,0,0,0,0,0,0,0,0,0,0,0,0,0,0,0,0,0,0,0,0,,,,,,,,,,,,,,,11.814822938975198,,,,,,,0.9439338422133248,,,,,,,,,,,,,,,,,,,180.94701276547244,,,179.84186115320568,,,,,,,,,,,1,0,,-1,,,,16.287604862325395,,,-640127.9905625917,,,,,7717200.0,1.0,11270902.674872369,34.400001525878906,141.8300018310547,33.66999816894531,461957837.1873768,-0.0431988401448165,0.9335215129779824,0,1,-148,0.013333333333333334
110,110,PGR,70.30880667052173,74.16096540538835,70.18755498451364,73.95576477050781,3258700,0.0,0,0,0,0,0,0,0,0,0,0,0,0,0,0,0,0,0,0,100,0,0,0,0,0,0,0,0,0,0,0,0,0,0,0,0,0,0,0,0,0,0,0,0,0,0,0,0,0,0,0,0,0,0,0,0,0,0,0,0,0,0,,,,,,,,,,,,,,,3.973410420874714,,,,,,,0.9178407749741672,,,,,,,,,,,,,,,,,,,71.63086051997374,,,71.13363987378101,,,,,,,,,,,1,0,,-1,,,,5.437780009229897,,,-233990.3205726552,,,,,8905500.0,1.0,13543483.692454644,34.400001525878906,141.8300018310547,33.66999816894531,229115308.2972292,-0.0262239698016246,0.9569632394403932,0,1,-148,0.013333333333333334
111,111,CSX,22.108909229077245,22.97164814100884,21.95589411750349,22.83816719055176,11766900,0.0,0,0,0,0,0,0,0,0,0,0,0,0,0,0,0,0,0,0,0,0,0,0,0,0,0,0,0,0,0,0,0,0,0,0,0,0,0,0,0,0,0,0,0,0,0,0,0,0,0,0,0,0,0,0,0,0,0,0,0,0,0,,,,,,,,,,,,,,,1.0157540235053517,,,,,,,0.7179474012397753,,,,,,,,,,,,,,,,,,,22.4477307663498,,,22.32257484113428,,,,,,,,,,,1,0,,-1,,,,1.8426843470595315,,,-3773486.112660673,,,,,39193500.0,2.0,33264965.16216942,34.400001525878906,141.8300018310547,33.66999816894531,260153324.00762904,-0.036874194561387,0.9460852623081172,0,1,-148,0.013333333333333334
112,112,VRTX,264.7699890136719,268.5199890136719,262.239990234375,267.7699890136719,1385400,0.0,0,0,0,0,0,0,0,0,0,0,0,0,0,0,0,0,0,0,0,0,0,0,0,0,0,0,0,0,0,0,0,0,0,0,0,0,0,0,0,0,0,0,0,0,0,0,0,0,0,0,0,0,0,0,0,0,0,0,0,0,0,,,,,,,,,,,,,,,6.32000732421875,,,,,,,0.4777070992258835,,,,,,,,,,,,,,,,,,,265.658387829712,,,264.6524443493995,,,,,,,,,,,0,1,,-1,,,,13.350006103515623,,,-135659.47747343683,,,,,1975700.0,4.0,2300236.660277125,34.400001525878906,141.8300018310547,33.66999816894531,366812342.779541,-0.0124944284817379,0.9608433421377588,0,1,-148,0.013333333333333334
113,113,PXD,84.8137540665965,87.43425283720403,82.57277395332659,86.34087371826172,4235400,0.0,0,0,0,0,0,0,0,0,0,0,0,0,0,0,0,0,0,0,0,0,0,0,0,0,0,0,0,0,0,0,0,0,0,0,0,0,0,0,0,0,0,0,0,0,0,0,0,0,0,0,0,0,0,0,0,0,0,0,0,0,0,,,,,,,,,,,,,,,6.18979165946638,,,,,,,0.3141265627481673,,,,,,,,,,,,,,,,,,,87.38838147908024,,,87.34252931801603,,,,,,,,,,,0,1,,-1,,,,12.144649662286128,,,938060.250047999,,,,,2666100.0,3.0,-7836518.087622162,34.400001525878906,141.8300018310547,33.66999816894531,359220173.97366285,-0.0779959945313877,0.9880001231444964,0,1,-148,0.013333333333333334
114,114,D,76.47741446534489,78.80733820226486,75.46157112902202,78.33203887939453,5261100,0.0,0,0,0,0,0,0,0,0,0,0,0,0,0,0,0,0,0,0,0,0,0,0,0,0,0,0,0,0,0,0,0,0,0,0,0,0,0,0,0,0,0,0,0,0,0,0,0,0,0,0,0,0,0,0,0,0,0,0,0,0,0,,,,,,,,,,,,,,,3.34576707324284,,,,,,,0.5543196443295942,,,,,,,,,,,,,,,,,,,78.1466436553345,,,78.22322324320574,,,,,,,,,,,1,0,,-1,,,,5.852743252930992,,,-4563119.063568228,,,,,6594500.0,2.0,231188.763420796,34.400001525878906,141.8300018310547,33.66999816894531,402355325.243626,-0.0424735308704806,0.9568566344730112,0,1,-148,0.013333333333333334
115,115,SLB,17.331989626305095,18.90324448296265,17.07172014620501,18.62369537353516,12742000,0.0,0,0,0,0,0,0,0,0,0,0,0,0,0,0,0,0,0,0,0,0,0,0,0,0,0,0,0,0,0,0,0,0,0,0,0,0,0,0,0,0,0,0,0,0,0,0,0,0,0,0,0,0,0,0,0,0,0,0,0,0,0,,,,,,,,,,,,,,,1.831524336757642,,,,,,,0.7052626718118172,,,,,,,,,,,,,,,,,,,18.107581040702826,,,17.948235896151974,,,,,,,,,,,1,0,,-1,,,,3.3545846232223155,,,-11689926.60656043,,,,,47027000.0,2.0,60232959.333251104,34.400001525878906,141.8300018310547,33.66999816894531,220844211.81837952,-0.0812469490614006,0.9403763498598244,0,1,-148,0.013333333333333334
116,116,CL,69.15926977339012,70.01946114707314,68.56669187331511,69.66582489013672,3350500,0.0,0,0,0,0,0,0,0,0,0,0,0,0,0,0,0,0,0,0,0,0,0,0,0,0,0,0,0,0,0,0,0,0,0,0,0,0,0,0,0,0,0,0,0,0,0,0,0,0,0,0,0,0,0,0,0,0,0,0,0,0,0,,,,,,,,,,,,,,,1.4527692737580369,,,,,,,0.3486824273452835,,,,,,,,,,,,,,,,,,,69.76439505699159,,,69.8191837133961,,,,,,,,,,,1,0,,-1,,,,2.809972751617636,,,-4083773.5028993776,,,,,4540200.0,2.0,-1387710.958214539,34.400001525878906,141.8300018310547,33.66999816894531,231718133.3757436,-0.0167143031495767,0.9798238328323584,0,1,-148,0.013333333333333334
117,117,TFC,34.97793978774079,37.20719991424373,34.88466670489616,37.15123748779297,7428600,0.0,0,0,0,0,0,0,0,0,0,0,0,0,0,0,0,0,0,0,0,0,0,0,0,0,0,0,0,0,0,0,0,0,0,0,0,0,0,0,0,0,0,0,0,0,0,0,0,0,0,0,0,0,0,0,0,0,0,0,0,0,0,,,,,,,,,,,,,,,2.322533209347569,,,,,,,0.9357445100484444,,,,,,,,,,,,,,,,,,,35.805759839942944,,,35.27301907504725,,,,,,,,,,,1,0,,-1,,,,4.309281506585762,,,-322925.6402910408,,,,,27206800.0,2.0,49009946.70315054,34.400001525878906,141.8300018310547,33.66999816894531,259837123.5072112,-0.0646047416815776,0.979112255292139,0,1,-148,0.013333333333333334
118,118,REGN,584.5399780273438,593.489990234375,582.3200073242188,590.5700073242188,676100,0.0,0,0,0,0,0,0,0,0,0,0,0,0,0,0,0,0,0,0,0,0,0,0,0,0,0,0,0,0,0,0,0,0,0,0,0,0,0,0,0,0,0,0,0,0,0,0,0,0,0,0,0,0,0,0,0,0,0,0,0,0,0,,,,,,,,,,,,,,,11.16998291015625,,,,,,,0.5398423028375654,,,,,,,,,,,,,,,,,,,593.4090292137453,,,594.8483982440897,,,,,,,,,,,1,0,,-1,,,,20.15997314453125,,,-1722065.7134119575,,,,,961700.0,2.0,-1352866.1478805705,34.400001525878906,141.8300018310547,33.66999816894531,395207479.1442871,-0.0510868837184232,0.9412882093838064,0,1,-148,0.013333333333333334
119,119,WM,98.25605712963656,101.96821426711514,98.1690570767997,101.01116943359376,2064200,0.0,0,0,0,0,0,0,0,0,0,0,0,0,0,0,0,0,0,0,0,0,0,0,0,0,0,0,0,0,0,0,0,0,0,0,0,0,0,0,0,0,0,0,0,0,0,0,0,0,0,0,0,0,0,0,0,0,0,0,0,0,0,,,,,,,,,,,,,,,3.799157190315441,,,,,,,0.7251903951171922,,,,,,,,,,,,,,,,,,,100.1698219697571,,,99.94183705263734,,,,,,,,,,,1,0,,-1,,,,7.018297290787132,,,-1879824.7694802312,,,,,7471700.0,2.0,2918161.334691909,34.400001525878906,141.8300018310547,33.66999816894531,202820153.1269958,-0.035856614478961,0.9484882291437216,0,1,-148,0.013333333333333334
120,120,FISV,99.1500015258789,100.93000030517578,97.5999984741211,99.94000244140624,4434700,0.0,0,0,0,0,0,0,0,0,0,0,0,0,0,0,0,0,0,0,0,0,0,0,0,0,0,0,0,0,0,0,0,0,0,0,0,0,0,0,0,0,0,0,0,0,0,0,0,0,0,0,0,0,0,0,0,0,0,0,0,0,0,,,,,,,,,,,,,,,3.3300018310546875,,,,,,,0.2372373817215387,,,,,,,,,,,,,,,,,,,99.96546539421084,,,99.9022365039442,,,,,,,,,,,0,1,,-1,,,,7.05999755859375,,,-3469359.506072944,,,,,7385300.0,4.0,605788.8166653961,34.400001525878906,141.8300018310547,33.66999816894531,439700511.7668152,-0.0317382807770627,0.94204276984208,0,1,-148,0.013333333333333334
121,121,OXY,17.216017337059174,19.320858054746708,16.977733589417806,18.913789749145508,46134000,0.0,0,0,0,0,0,0,0,0,0,0,0,0,0,0,0,0,0,0,100,0,0,0,0,0,0,0,0,0,0,0,0,0,0,0,0,0,0,0,0,0,0,0,0,0,0,0,0,0,0,0,0,0,0,0,0,0,0,0,0,0,0,,,,,,,,,,,,,,,2.343124465328902,,,,,,,0.7245762814601566,,,,,,,,,,,,,,,,,,,17.850653955604557,,,17.471276987757182,,,,,,,,,,,1,0,,-1,,,,4.140180739129484,,,-27347476.5890234,,,,,152334800.0,1.0,421245946.0625466,34.400001525878906,141.8300018310547,33.66999816894531,794243743.8278879,-0.081567672371034,0.9725318602645162,0,1,-148,0.013333333333333334
122,122,ITW,154.1704163231441,159.11618916990653,153.3859731133519,157.79603576660156,1889400,0.0,0,0,0,0,0,0,0,0,0,0,0,0,0,0,0,0,0,0,0,0,0,0,0,0,0,0,0,0,0,0,0,0,0,0,0,0,0,0,0,0,0,0,0,0,0,0,0,0,0,0,0,0,0,0,0,0,0,0,0,0,0,,,,,,,,,,,,,,,5.730216056554639,,,,,,,0.6327195009183301,,,,,,,,,,,,,,,,,,,157.9170487270203,,,157.96542412166093,,,,,,,,,,,1,0,,-1,,,,11.450849593578027,,,-322741.1564184447,,,,,1419500.0,1.0,-229057.71459847543,34.400001525878906,141.8300018310547,33.66999816894531,291289584.60094845,-0.053169500947385,0.9472201155198636,0,1,-148,0.013333333333333334
123,123,FIS,130.7489176491168,135.11177040857174,130.2230459033373,133.84576416015625,4925900,0.0,0,0,0,0,0,0,0,0,0,0,0,0,0,0,0,0,0,0,100,0,0,0,0,0,0,0,0,0,0,0,0,0,0,0,0,0,0,0,0,0,0,0,0,0,0,0,0,0,0,0,0,0,0,0,0,0,0,0,0,0,0,,,,,,,,,,,,,,,4.88872450523445,,,,,,,0.6334671769136495,,,,,,,,,,,,,,,,,,,131.9519289753723,,,131.2381124755471,,,,,,,,,,,1,0,,-1,,,,9.426878331757962,,,108752.0191583298,,,,,11981400.0,1.0,8715172.023868758,34.400001525878906,141.8300018310547,33.66999816894531,644056093.4477844,-0.0223550776241556,0.9717718477087712,0,1,-148,0.013333333333333334
124,124,GD,137.76969150152914,146.6657105990142,137.20953980201614,145.3460235595703,1338700,0.0,0,0,0,0,0,0,0,0,0,0,0,0,0,0,0,0,0,0,0,0,0,0,0,0,0,0,0,0,0,0,0,0,0,0,0,0,0,0,0,0,0,0,0,0,0,0,0,0,0,0,0,0,0,0,0,0,0,0,0,0,0,,,,,,,,,,,,,,,9.456170796998066,,,,,,,0.801205077688142,,,,,,,,,,,,,,,,,,,142.10863207888792,,,141.47372393877728,,,,,,,,,,,1,0,,-1,,,,15.219104289308632,,,-1397362.0306551666,,,,,5062700.0,2.0,4303957.778091978,34.400001525878906,141.8300018310547,33.66999816894531,184432286.01309705,-0.0536097923592885,0.9567482750364156,0,1,-148,0.013333333333333334
125,125,AMZN,126.33000183105467,129.1999969482422,125.4000015258789,128.63400268554688,77302000,0.0,0,0,0,0,0,0,0,0,0,0,0,0,0,0,0,0,0,0,0,0,0,0,0,0,0,0,0,0,0,0,0,0,0,0,0,0,0,0,0,0,0,0,0,0,0,0,0,0,0,0,0,0,0,0,0,0,0,0,0,0,0,,,,,,,,,,,,,,,3.799995422363281,,,,,,,0.6063167447342056,,,,,,,,,,,,,,,,,,,127.93445808093264,,,127.91019739541214,,,,,,,,,,,1,0,,-1,,,,6.216987609863281,,,-56444430.25859339,,,,,84582000.0,2.0,29014535.653741,34.400001525878906,141.8300018310547,33.66999816894531,9765561801.54419,-0.0286827994361567,0.9704628298017066,0,1,-148,0.013333333333333334
126,126,EQIX,648.5188488984961,674.0317251332656,641.290404668277,672.9755859375,546900,0.0,0,0,0,0,0,0,0,0,0,0,0,0,0,0,0,0,0,0,0,0,0,0,0,0,0,0,0,0,0,0,0,0,0,0,0,0,0,0,0,0,0,0,0,0,0,0,0,0,0,0,0,0,0,0,0,0,0,0,0,0,0,,,,,,,,,,,,,,,32.741320464988576,,,,,,,0.7469685611842173,,,,,,,,,,,,,,,,,,,650.4525299119873,,,644.191627192378,,,,,,,,,,,1,0,,-1,,,,48.1478630979459,,,281692.14726980386,,,,,1668300.0,1.0,2747089.879292514,34.400001525878906,141.8300018310547,33.66999816894531,354674958.46258754,0.0008971977528176,0.9655217352673704,1,0,-148,0.013333333333333334
127,127,NSC,166.91263531575763,172.95459030589544,165.58822875133012,171.69786071777344,1208700,0.0,0,0,0,0,0,0,0,0,0,0,0,0,0,0,0,0,0,0,0,0,0,0,0,0,0,0,0,0,0,0,0,0,0,0,0,0,0,0,0,0,0,0,0,0,0,0,0,0,0,0,0,0,0,0,0,0,0,0,0,0,0,,,,,,,,,,,,,,,7.366361554565316,,,,,,,0.6496050141674258,,,,,,,,,,,,,,,,,,,169.91423132089236,,,169.07623832454212,,,,,,,,,,,0,1,,-1,,,,15.28373324096657,,,-142730.7057502051,,,,,1509300.0,4.0,2589894.186324577,34.400001525878906,141.8300018310547,33.66999816894531,201747302.30615628,-0.0399777241274202,0.9473280477960226,0,1,-148,0.013333333333333334
128,128,FCX,9.881888605800174,10.405105209453556,9.654831739876238,10.3360013961792,19925400,0.0,0,0,0,0,0,0,0,0,0,0,0,0,0,0,0,0,0,0,0,0,0,0,0,0,0,0,0,0,0,0,0,0,0,0,0,0,0,0,0,0,0,0,0,0,0,0,0,0,0,0,0,0,0,0,0,0,0,0,0,0,0,,,,,,,,,,,,,,,0.7502734695773192,,,,,,,0.6052630258069205,,,,,,,,,,,,,,,,,,,10.017027025382998,,,9.87024881949566,,,,,,,,,,,0,1,,-1,,,,1.5202908585271968,,,4907088.979755696,,,,,34150900.0,3.0,112414443.30403616,34.400001525878906,141.8300018310547,33.66999816894531,196900583.2260108,-0.0421052585706418,0.937266025319946,0,1,-148,0.013333333333333334
129,129,ATVI,70.7152329804832,72.76308558001479,70.50747314554827,72.40693664550781,6492100,0.0,0,0,0,0,0,0,0,0,0,0,0,0,0,0,0,0,0,0,0,0,0,0,0,0,0,0,0,0,0,0,0,0,0,0,0,0,0,0,0,0,0,0,0,0,0,0,0,0,0,0,0,0,0,0,0,0,0,0,0,0,0,,,,,,,,,,,,,,,2.2556124344665136,,,,,,,0.7499974903377993,,,,,,,,,,,,,,,,,,,71.0121514497223,,,70.72294305907542,,,,,,,,,,,1,0,,-1,,,,3.0173741609252147,,,-2346802.2474044114,,,,,20221500.0,1.0,16999058.34313896,34.400001525878906,141.8300018310547,33.66999816894531,459090364.0325949,-0.0002796140117208,0.980924890171086,0,1,-148,0.013333333333333334
130,130,HCA,96.53068902000132,102.9963354590964,95.82983310236084,102.2066421508789,1950000,0.0,0,0,0,0,0,0,0,0,0,0,0,0,0,0,0,0,0,0,0,0,0,0,0,0,0,0,0,0,0,0,0,0,0,0,0,0,0,0,0,0,0,0,0,0,0,0,0,0,0,0,0,0,0,0,0,0,0,0,0,0,0,,,,,,,,,,,,,,,7.166502356735549,,,,,,,0.7920116185467992,,,,,,,,,,,,,,,,,,,100.2302352865906,,,99.97419192596855,,,,,,,,,,,1,0,,-1,,,,11.381527662689848,,,-3967883.250342309,,,,,2371400.0,2.0,3767901.6021287497,34.400001525878906,141.8300018310547,33.66999816894531,188234843.5890026,-0.0672454396611575,0.9313332435980634,0,1,-148,0.013333333333333334
131,131,EW,66.6500015258789,69.69000244140625,66.2300033569336,68.95999908447266,3485600,0.0,0,0,0,0,0,0,0,0,0,0,0,0,0,0,0,0,0,0,0,0,0,0,0,0,0,0,0,0,0,0,0,0,0,0,0,0,0,0,0,0,0,0,0,0,0,0,0,0,0,0,0,0,0,0,0,0,0,0,0,0,0,,,,,,,,,,,,,,,3.459999084472656,,,,,,,0.6676295288516876,,,,,,,,,,,,,,,,,,,68.24329470680237,,,68.13807524285403,,,,,,,,,,,1,0,,-1,,,,5.94000244140625,,,-3388779.609848913,,,,,4036700.0,2.0,4581573.099419447,34.400001525878906,141.8300018310547,33.66999816894531,232315245.31860352,-0.0460856031791216,0.9181706142487964,0,1,-148,0.013333333333333334
132,132,MPC,32.0386074613546,35.16881770973971,31.863685290297685,34.83738327026367,9565800,0.0,0,0,0,0,0,0,0,0,0,0,0,0,0,0,0,0,0,0,100,0,0,0,0,0,0,0,0,0,0,0,0,0,0,0,0,0,0,0,0,0,0,0,0,0,0,0,0,0,0,0,0,0,0,0,0,0,0,0,0,0,0,,,,,,,,,,,,,,,3.305132419442028,,,,,,,0.8467968764112511,,,,,,,,,,,,,,,,,,,33.26889704846954,,,32.79936258509456,,,,,,,,,,,1,0,,-1,,,,5.487065375993431,,,-1610868.1344370786,,,,,27786400.0,1.0,59943068.60245302,34.400001525878906,141.8300018310547,33.66999816894531,306474911.25382584,-0.0752058413874707,0.9693593845445644,0,1,-148,0.013333333333333334
133,133,MAR,87.83837616502886,92.1604253653862,86.63059940660557,90.62325286865234,9049500,0.0,0,0,0,0,0,0,0,0,0,0,0,0,0,0,0,0,0,0,0,0,0,0,0,0,0,0,0,0,0,0,0,0,0,0,0,0,0,0,0,0,0,0,0,0,0,0,0,0,0,0,0,0,0,0,0,0,0,0,0,0,0,,,,,,,,,,,,,,,5.529825958780634,,,,,,,0.5036101903354598,,,,,,,,,,,,,,,,,,,91.2883220155945,,,91.2758905081296,,,,,,,,,,,0,1,,-1,,,,12.526952332600333,,,-4509433.976886105,,,,,5672900.0,3.0,-8044299.660658183,34.400001525878906,141.8300018310547,33.66999816894531,794893385.1054287,-0.0984530236837044,0.925828522156014,0,1,-148,0.013333333333333334
134,134,FDX,125.34519534201586,131.4065137949322,124.24225398953834,130.479248046875,1835300,0.0,0,0,0,0,0,0,0,0,0,0,0,0,0,0,0,0,0,0,0,0,0,0,0,0,0,0,0,0,0,0,0,0,0,0,0,0,0,0,0,0,0,0,0,0,0,0,0,0,0,0,0,0,0,0,0,0,0,0,0,0,0,,,,,,,,,,,,,,,7.164259805393868,,,,,,,0.7166201176838659,,,,,,,,,,,,,,,,,,,127.5207570956574,,,126.44916087861948,,,,,,,,,,,1,0,,-1,,,,13.3915231508268,,,-1206748.027465277,,,,,8497500.0,2.0,8226867.58815365,34.400001525878906,141.8300018310547,33.66999816894531,230046037.0112017,-0.0458429887312844,0.9587159765420972,0,1,-148,0.013333333333333334
135,135,AON,175.66371154766563,182.38443439556164,174.3746737493596,181.1544342041016,1631500,0.0,0,0,0,0,0,0,0,0,0,0,0,0,0,0,0,0,0,0,0,0,0,0,0,0,0,0,0,0,0,0,0,0,0,0,0,0,0,0,0,0,0,0,0,0,0,0,0,0,0,0,0,0,0,0,0,0,0,0,0,0,0,,,,,,,,,,,,,,,8.00976064620204,,,,,,,0.6855039618492784,,,,,,,,,,,,,,,,,,,178.75939451654057,,,178.187996251765,,,,,,,,,,,1,0,,-1,,,,13.90392070646658,,,-259440.39459748848,,,,,4777900.0,1.0,2919784.343827353,34.400001525878906,141.8300018310547,33.66999816894531,286595345.3900165,-0.0345573954350617,0.9381963357021456,0,1,-148,0.013333333333333334
136,136,APD,220.3538724497571,228.4015732482121,219.5586806340472,227.0698699951172,709300,0.0,0,0,0,0,0,0,0,0,0,0,0,0,0,0,0,0,0,0,0,0,0,0,0,0,0,0,0,0,0,0,0,0,0,0,0,0,0,0,0,0,0,0,0,0,0,0,0,0,0,0,0,0,0,0,0,0,0,0,0,0,0,,,,,,,,,,,,,,,8.842892614164981,,,,,,,0.7594797130751176,,,,,,,,,,,,,,,,,,,224.50306671838376,,,223.8225489065319,,,,,,,,,,,1,0,,-1,,,,15.798410350400276,,,-821294.0927608538,,,,,2933700.0,2.0,1312897.84937316,34.400001525878906,141.8300018310547,33.66999816894531,156297001.7286127,-0.0371735177611952,0.9450242757574614,0,1,-148,0.013333333333333334
137,137,PSA,183.05091703337567,190.5124811063233,182.1098981754013,189.33384704589844,1108300,0.0,0,0,0,0,0,0,0,0,0,0,0,0,0,0,0,0,0,0,100,0,0,0,0,0,0,0,0,0,0,0,0,0,0,0,0,0,0,0,0,0,0,0,0,0,0,0,0,0,0,0,0,0,0,0,0,0,0,0,0,0,0,,,,,,,,,,,,,,,8.40258293092208,,,,,,,0.7477379353676067,,,,,,,,,,,,,,,,,,,185.9099811721192,,,184.9940679725749,,,,,,,,,,,1,0,,-1,,,,14.219747160672284,,,217711.4791326244,,,,,3331700.0,1.0,2735279.156410084,34.400001525878906,141.8300018310547,33.66999816894531,202875331.34809023,-0.0289431159038646,0.967749628169482,0,1,-148,0.013333333333333334
138,138,VLO,54.547313768313245,57.32531279078552,53.37338820369643,56.98478317260742,4972900,0.0,0,0,0,0,0,0,0,0,0,0,0,0,0,0,0,0,0,0,0,0,0,0,0,0,0,0,0,0,0,0,0,0,0,0,0,0,0,0,0,0,0,0,0,0,0,0,0,0,0,0,0,0,0,0,0,0,0,0,0,0,0,,,,,,,,,,,,,,,3.951924587089088,,,,,,,0.6167803434957675,,,,,,,,,,,,,,,,,,,55.49696492590333,,,54.80587103048983,,,,,,,,,,,0,1,,-1,,,,8.08307128111177,,,210222.43513848865,,,,,4816300.0,3.0,16764657.98383082,34.400001525878906,141.8300018310547,33.66999816894531,271258336.63844496,-0.0472686809719603,0.94298990689325,0,1,-148,0.013333333333333334
139,139,ETN,79.66979464808244,84.00081666383078,79.33516959170835,82.88220977783203,2651500,0.0,0,0,0,0,0,0,0,0,0,0,0,0,0,0,0,0,0,0,0,0,0,0,0,0,0,0,0,0,0,0,0,0,0,0,0,0,0,0,0,0,0,0,0,0,0,0,0,0,0,0,0,0,0,0,0,0,0,0,0,0,0,,,,,,,,,,,,,,,4.665647072122425,,,,,,,0.6885251027545561,,,,,,,,,,,,,,,,,,,81.88445648924258,,,81.6031867637153,,,,,,,,,,,1,0,,-1,,,,8.681162918658913,,,-721723.1898814605,,,,,6509400.0,1.0,3944672.706095163,34.400001525878906,141.8300018310547,33.66999816894531,211244460.5093906,-0.057885764647752,0.9452131700350012,0,1,-148,0.013333333333333334
140,140,ICE,89.56019006260436,92.20758367808598,88.99149734289222,91.94284057617188,2437000,0.3,0,0,0,0,0,0,0,0,0,0,0,0,0,0,0,0,0,0,100,0,0,0,0,0,0,0,0,0,0,0,0,0,0,0,0,0,0,0,0,0,0,0,0,0,0,0,0,0,0,0,0,0,0,0,0,0,0,0,0,0,0,,,,,,,,,,,,,,,3.216086335193765,,,,,,,0.7408540272983563,,,,,,,,,,,,,,,,,,,90.62785753330994,,,90.24189728278417,,,,,,,,,,,1,0,,-1,,,,5.637960329078936,,,-685928.3374718192,,,,,8806500.0,2.0,5846578.363081731,34.400001525878906,141.8300018310547,33.66999816894531,218258183.1825668,-0.0208914110009292,0.9447858653440436,0,1,-148,0.013333333333333334
141,141,BSX,34.70000076293945,36.13999938964844,34.099998474121094,35.869998931884766,11279700,0.0,0,0,0,0,0,0,0,0,0,0,0,0,0,0,0,0,0,0,0,0,0,0,0,0,0,0,0,0,0,0,0,0,0,0,0,0,0,0,0,0,0,0,0,0,0,0,0,0,0,0,0,0,0,0,0,0,0,0,0,0,0,,,,,,,,,,,,,,,2.040000915527344,,,,,,,0.5735282567963289,,,,,,,,,,,,,,,,,,,35.28973522080231,,,35.15134431647493,,,,,,,,,,,1,0,,-1,,,,3.560001373291016,,,-5045643.208268771,,,,,41395700.0,2.0,28378834.5075669,34.400001525878906,141.8300018310547,33.66999816894531,391405598.60572815,-0.034770513865708,0.952250331247428,0,1,-148,0.013333333333333334
142,142,HUM,364.21498004254335,374.3814023960787,361.3131021820506,373.937255859375,1012000,0.0,0,0,0,0,0,0,0,0,0,0,0,0,0,0,0,0,0,0,0,0,0,0,0,0,0,0,0,0,0,0,0,0,0,0,0,0,0,0,0,0,0,0,0,0,0,0,0,0,0,0,0,0,0,0,0,0,0,0,0,0,0,,,,,,,,,,,,,,,13.068300214028111,,,,,,,0.7439587136508632,,,,,,,,,,,,,,,,,,,370.8516529845581,,,369.6319328827807,,,,,,,,,,,1,0,,-1,,,,26.00824349446248,,,528392.072421051,,,,,3294900.0,2.0,1526872.3959237472,34.400001525878906,141.8300018310547,33.66999816894531,368585559.80305386,-0.0374079383024958,0.9512762213802392,0,1,-148,0.013333333333333334
143,143,MRNA,65.9000015258789,66.9800033569336,63.42399978637695,66.56999969482422,19339300,0.0,0,0,0,0,0,0,0,0,0,0,0,0,0,0,0,0,0,0,0,0,0,0,0,0,0,0,0,0,0,0,0,0,0,0,0,0,0,0,0,0,0,0,0,0,0,0,0,0,0,0,0,0,0,0,0,0,0,0,0,0,0,,,,,,,,,,,,,,,4.980003356933594,,,,,,,0.18841324415218,,,,,,,,,,,,,,,,,,,61.9588675780716,,,60.77972480345864,,,,,,,,,,,1,0,,-1,,,,10.342010498046877,,,-5261668.419886036,,,,,66167400.0,1.0,186631088.48683223,34.400001525878906,141.8300018310547,33.66999816894531,1274459899.50943,0.0568519286290967,1.0468626009084372,1,0,-148,0.013333333333333334
144,144,GM,26.61000061035156,28.100000381469727,26.56999969482422,27.770000457763672,15321200,0.0,0,0,0,0,0,0,0,0,0,0,0,0,0,0,0,0,0,0,0,0,0,0,0,0,0,0,0,0,0,0,0,0,0,0,0,0,0,0,0,0,0,0,0,0,0,0,0,0,0,0,0,0,0,0,0,0,0,0,0,0,0,,,,,,,,,,,,,,,1.5300006866455078,,,,,,,0.7581694946525698,,,,,,,,,,,,,,,,,,,27.065448762588503,,,26.715065908420925,,,,,,,,,,,0,1,,-1,,,,3.25,,,-6347588.967942573,,,,,25387900.0,4.0,108521851.1585488,34.400001525878906,141.8300018310547,33.66999816894531,407697141.3513184,-0.0734679231702419,0.9996243340132772,0,1,-148,0.013333333333333334
145,145,MET,33.35070828987923,35.85667165955245,33.2109728145614,35.46540451049805,7492900,0.0,0,0,0,0,0,0,0,0,0,0,0,0,0,0,0,0,0,0,100,0,0,0,0,0,0,0,0,0,0,0,0,0,0,0,0,0,0,0,0,0,0,0,0,0,0,0,0,0,0,0,0,0,0,0,0,0,0,0,0,0,0,,,,,,,,,,,,,,,2.645698844991045,,,,,,,0.799295892887603,,,,,,,,,,,,,,,,,,,34.18859193302917,,,33.74258099093313,,,,,,,,,,,1,0,,-1,,,,4.713810562296544,,,1110571.2720984458,,,,,24183300.0,1.0,42619204.12537402,34.400001525878906,141.8300018310547,33.66999816894531,249893522.14523607,-0.0466043639637014,0.9717699597759478,0,1,-148,0.013333333333333334
146,146,KLAC,173.71653875193311,183.3555446388262,172.0986635184843,182.9851837158203,1270800,0.0,0,0,0,0,0,0,0,0,0,0,0,0,0,0,0,0,0,0,100,0,0,0,0,0,0,0,0,0,0,0,0,0,0,0,0,0,0,0,0,0,0,0,0,0,0,0,0,0,0,0,0,0,0,0,0,0,0,0,0,0,0,,,,,,,,,,,,,,,11.256881120341887,,,,,,,0.8233759302244187,,,,,,,,,,,,,,,,,,,178.3228348970032,,,176.93466270940922,,,,,,,,,,,1,0,,-1,,,,19.531401400840025,,,63814.429237574106,,,,,3984200.0,1.0,4957544.844865553,34.400001525878906,141.8300018310547,33.66999816894531,220758977.4459566,-0.0425953240983919,0.9316327937634298,0,1,-148,0.013333333333333334
147,147,NEM,50.82659115333787,53.69257495446108,49.95270050533817,53.42007064819336,12170800,0.0,0,0,0,0,0,0,0,0,0,0,0,0,0,0,0,0,0,0,0,0,0,0,0,0,0,0,0,0,0,0,0,0,0,0,0,0,0,0,0,0,0,0,0,0,0,0,0,0,0,0,0,0,0,0,0,0,0,0,0,0,0,,,,,,,,,,,,,,,3.739874449122908,,,,,,,0.6934669947178898,,,,,,,,,,,,,,,,,,,52.71901784841919,,,52.678100072811695,,,,,,,,,,,1,0,,-1,,,,6.164216213919644,,,-4318008.3791476935,,,,,19377600.0,1.0,21560353.812827986,34.400001525878906,141.8300018310547,33.66999816894531,618600275.6090446,-0.0490506306031959,0.9144546129672166,0,1,-148,0.013333333333333334
148,148,EMR,56.677711595277366,59.97969563712004,56.5059317419576,59.42618560791016,2756900,0.0,0,0,0,0,0,0,0,0,0,0,0,0,0,0,0,0,0,0,0,0,0,0,0,0,0,0,0,0,0,0,0,0,0,0,0,0,0,0,0,0,0,0,0,0,0,0,0,0,0,0,0,0,0,0,0,0,0,0,0,0,0,,,,,,,,,,,,,,,3.473763895162435,,,,,,,0.7912092173162134,,,,,,,,,,,,,,,,,,,58.24625854633331,,,57.92616300923338,,,,,,,,,,,1,0,,-1,,,,6.069548511760416,,,-1995116.7367445524,,,,,10010800.0,2.0,8650039.341119628,34.400001525878906,141.8300018310547,33.66999816894531,156254783.09702018,-0.0527912037827305,0.9481162266859048,0,1,-148,0.013333333333333334
149,149,F,6.077151919067266,6.470495190056121,6.008317163152801,6.391826629638672,104742600,0.0,0,0,0,0,0,0,0,0,0,0,0,0,0,0,0,0,0,0,0,0,0,0,0,0,0,0,0,0,0,0,0,0,0,0,0,0,0,0,0,0,0,0,0,0,0,0,0,0,0,0,0,0,0,0,0,0,0,0,0,0,0,,,,,,,,,,,,,,,0.4621780269033193,,,,,,,0.6808517329994822,,,,,,,,,,,,,,,,,,,6.171689952527048,,,6.081463838933639,,,,,,,,,,,1,0,,-1,,,,0.8850217566264627,,,4076.380641952157,,,,,309705300.0,1.0,542780150.8148916,34.400001525878906,141.8300018310547,33.66999816894531,636536692.5980949,-0.0579268447019668,1.0181218811497692,0,1,-148,0.013333333333333334
150,150,DG,179.90043688391012,187.26500830621805,179.80197398114456,184.96112060546875,2842700,0.0,0,0,0,0,0,0,0,0,0,0,0,0,0,0,0,0,0,0,0,0,0,0,0,0,0,0,0,0,0,0,0,0,0,0,0,0,0,0,0,0,0,0,0,0,0,0,0,0,0,0,0,0,0,0,0,0,0,0,0,0,0,,,,,,,,,,,,,,,7.463034325073494,,,,,,,0.6781000195264137,,,,,,,,,,,,,,,,,,,184.46132757458503,,,184.91752124520323,,,,,,,,,,,1,0,,-1,,,,11.125638352295423,,,-2277740.08715498,,,,,2397100.0,2.0,-1307893.7163534723,34.400001525878906,141.8300018310547,33.66999816894531,511402971.9298913,-0.0395795281151992,0.9606727809718943,0,1,-148,0.013333333333333334
151,151,MCO,257.80787737763177,267.26409846586256,256.34172768435843,265.8865051269531,609600,0.0,0,0,0,0,0,0,0,0,0,0,0,0,0,0,0,0,0,0,0,0,0,0,0,0,0,0,0,0,0,0,0,0,0,0,0,0,0,0,0,0,0,0,0,0,0,0,0,0,0,0,0,0,0,0,0,0,0,0,0,0,0,,,,,,,,,,,,,,,10.922370781504128,,,,,,,0.739640496640313,,,,,,,,,,,,,,,,,,,258.4115468197022,,,255.82541064001668,,,,,,,,,,,1,0,,-1,,,,18.66645787160201,,,198284.28405080456,,,,,2316500.0,2.0,3451808.2078701835,34.400001525878906,141.8300018310547,33.66999816894531,157159682.04940432,-0.0162580344937195,0.9659343712111093,0,1,-148,0.013333333333333334
